"trophic.links.resource","trophic.links.consumer","trophic.links.documeted","Region","trophic_id"
"Aepyceros melampus","Canis mesomelas",1,"Afrotropic",1
"Caracal caracal","Canis mesomelas",1,"Afrotropic",2
"Equus quagga","Canis mesomelas",1,"Afrotropic",3
"Ictonyx striatus","Canis mesomelas",1,"Afrotropic",4
"Kobus ellipsiprymnus","Canis mesomelas",1,"Afrotropic",5
"Lepus capensis","Canis mesomelas",1,"Afrotropic",6
"Oreotragus oreotragus","Canis mesomelas",1,"Afrotropic",7
"Orycteropus afer","Canis mesomelas",1,"Afrotropic",8
"Procavia capensis","Canis mesomelas",1,"Afrotropic",9
"Raphicerus campestris","Canis mesomelas",1,"Afrotropic",10
"Redunca fulvorufula","Canis mesomelas",1,"Afrotropic",11
"Sylvicapra grimmia","Canis mesomelas",1,"Afrotropic",12
"Tragelaphus oryx","Canis mesomelas",1,"Afrotropic",13
"Tragelaphus strepsiceros","Canis mesomelas",1,"Afrotropic",14
"Philantomba monticola","Caracal aurata",1,"Afrotropic",15
"Felis silvestris","Caracal caracal",1,"Afrotropic",16
"Genetta tigrina","Caracal caracal",1,"Afrotropic",17
"Ictonyx striatus","Caracal caracal",1,"Afrotropic",18
"Lepus capensis","Caracal caracal",1,"Afrotropic",19
"Oreotragus oreotragus","Caracal caracal",1,"Afrotropic",20
"Philantomba monticola","Caracal caracal",1,"Afrotropic",21
"Potamochoerus larvatus","Caracal caracal",1,"Afrotropic",22
"Procavia capensis","Caracal caracal",1,"Afrotropic",23
"Raphicerus campestris","Caracal caracal",1,"Afrotropic",24
"Redunca fulvorufula","Caracal caracal",1,"Afrotropic",25
"Sylvicapra grimmia","Caracal caracal",1,"Afrotropic",26
"Tragelaphus scriptus","Caracal caracal",1,"Afrotropic",27
"Aepyceros melampus","Crocuta crocuta",1,"Afrotropic",28
"Civettictis civetta","Crocuta crocuta",1,"Afrotropic",29
"Colobus guereza","Crocuta crocuta",1,"Afrotropic",30
"Equus quagga","Crocuta crocuta",1,"Afrotropic",31
"Felis silvestris","Crocuta crocuta",1,"Afrotropic",32
"Genetta genetta","Crocuta crocuta",1,"Afrotropic",33
"Genetta tigrina","Crocuta crocuta",1,"Afrotropic",34
"Hyaena hyaena","Crocuta crocuta",1,"Afrotropic",35
"Kobus ellipsiprymnus","Crocuta crocuta",1,"Afrotropic",36
"Loxodonta africana","Crocuta crocuta",1,"Afrotropic",37
"Oreotragus oreotragus","Crocuta crocuta",1,"Afrotropic",38
"Panthera pardus","Crocuta crocuta",1,"Afrotropic",39
"Papio anubis","Crocuta crocuta",1,"Afrotropic",40
"Potamochoerus larvatus","Crocuta crocuta",1,"Afrotropic",41
"Raphicerus campestris","Crocuta crocuta",1,"Afrotropic",42
"Redunca redunca","Crocuta crocuta",1,"Afrotropic",43
"Sylvicapra grimmia","Crocuta crocuta",1,"Afrotropic",44
"Syncerus caffer","Crocuta crocuta",1,"Afrotropic",45
"Tragelaphus oryx","Crocuta crocuta",1,"Afrotropic",46
"Tragelaphus scriptus","Crocuta crocuta",1,"Afrotropic",47
"Tragelaphus strepsiceros","Crocuta crocuta",1,"Afrotropic",48
"Genetta genetta","Felis silvestris",1,"Afrotropic",49
"Lepus capensis","Felis silvestris",1,"Afrotropic",50
"Procavia capensis","Felis silvestris",1,"Afrotropic",51
"Lepus capensis","Genetta genetta",1,"Afrotropic",52
"Genetta genetta","Herpestes ichneumon",1,"Afrotropic",53
"Lepus capensis","Herpestes ichneumon",1,"Afrotropic",54
"Crocuta crocuta","Hyaena hyaena",1,"Afrotropic",55
"Felis silvestris","Hyaena hyaena",1,"Afrotropic",56
"Herpestes ichneumon","Hyaena hyaena",1,"Afrotropic",57
"Lepus capensis","Hyaena hyaena",1,"Afrotropic",58
"Oreotragus oreotragus","Hyaena hyaena",1,"Afrotropic",59
"Thryonomys swinderianus","Leptailurus serval",1,"Afrotropic",60
"Aepyceros melampus","Lycaon pictus",1,"Afrotropic",61
"Equus quagga","Lycaon pictus",1,"Afrotropic",62
"Kobus ellipsiprymnus","Lycaon pictus",1,"Afrotropic",63
"Papio anubis","Lycaon pictus",1,"Afrotropic",64
"Potamochoerus larvatus","Lycaon pictus",1,"Afrotropic",65
"Raphicerus campestris","Lycaon pictus",1,"Afrotropic",66
"Redunca fulvorufula","Lycaon pictus",1,"Afrotropic",67
"Redunca redunca","Lycaon pictus",1,"Afrotropic",68
"Sylvicapra grimmia","Lycaon pictus",1,"Afrotropic",69
"Syncerus caffer","Lycaon pictus",1,"Afrotropic",70
"Thryonomys swinderianus","Lycaon pictus",1,"Afrotropic",71
"Tragelaphus oryx","Lycaon pictus",1,"Afrotropic",72
"Tragelaphus scriptus","Lycaon pictus",1,"Afrotropic",73
"Tragelaphus strepsiceros","Lycaon pictus",1,"Afrotropic",74
"Felis silvestris","Mellivora capensis",1,"Afrotropic",75
"Ictonyx striatus","Mellivora capensis",1,"Afrotropic",76
"Aepyceros melampus","Panthera pardus",1,"Afrotropic",77
"Aonyx capensis","Panthera pardus",1,"Afrotropic",78
"Atherurus africanus","Panthera pardus",1,"Afrotropic",79
"Atilax paludinosus","Panthera pardus",1,"Afrotropic",80
"Canis mesomelas","Panthera pardus",1,"Afrotropic",81
"Cephalophus nigrifrons","Panthera pardus",1,"Afrotropic",82
"Cercopithecus mitis","Panthera pardus",1,"Afrotropic",83
"Chlorocebus pygerythrus","Panthera pardus",1,"Afrotropic",84
"Civettictis civetta","Panthera pardus",1,"Afrotropic",85
"Crocuta crocuta","Panthera pardus",1,"Afrotropic",86
"Dendrohyrax arboreus","Panthera pardus",1,"Afrotropic",87
"Equus quagga","Panthera pardus",1,"Afrotropic",88
"Felis silvestris","Panthera pardus",1,"Afrotropic",89
"Genetta genetta","Panthera pardus",1,"Afrotropic",90
"Genetta servalina","Panthera pardus",1,"Afrotropic",91
"Heterohyrax brucei","Panthera pardus",1,"Afrotropic",92
"Hylochoerus meinertzhageni","Panthera pardus",1,"Afrotropic",93
"Kobus ellipsiprymnus","Panthera pardus",1,"Afrotropic",94
"Leptailurus serval","Panthera pardus",1,"Afrotropic",95
"Lepus capensis","Panthera pardus",1,"Afrotropic",96
"Nandinia binotata","Panthera pardus",1,"Afrotropic",97
"Oreotragus oreotragus","Panthera pardus",1,"Afrotropic",98
"Orycteropus afer","Panthera pardus",1,"Afrotropic",99
"Papio anubis","Panthera pardus",1,"Afrotropic",100
"Philantomba monticola","Panthera pardus",1,"Afrotropic",101
"Potamochoerus larvatus","Panthera pardus",1,"Afrotropic",102
"Procavia capensis","Panthera pardus",1,"Afrotropic",103
"Raphicerus campestris","Panthera pardus",1,"Afrotropic",104
"Redunca fulvorufula","Panthera pardus",1,"Afrotropic",105
"Redunca redunca","Panthera pardus",1,"Afrotropic",106
"Sylvicapra grimmia","Panthera pardus",1,"Afrotropic",107
"Syncerus caffer","Panthera pardus",1,"Afrotropic",108
"Thryonomys swinderianus","Panthera pardus",1,"Afrotropic",109
"Tragelaphus eurycerus","Panthera pardus",1,"Afrotropic",110
"Tragelaphus oryx","Panthera pardus",1,"Afrotropic",111
"Tragelaphus scriptus","Panthera pardus",1,"Afrotropic",112
"Tragelaphus strepsiceros","Panthera pardus",1,"Afrotropic",113
"Canis mesomelas","Lycaon pictus",1,"Afrotropic",114
"Mungos mungo","Lycaon pictus",1,"Afrotropic",115
"Potamochoerus larvatus","Caracal aurata",1,"Afrotropic",116
"Atherurus africanus","Caracal aurata",1,"Afrotropic",117
"Tragelaphus strepsiceros","Caracal caracal",1,"Afrotropic",118
"Mungos mungo","Leptailurus serval",1,"Afrotropic",119
"Nesotragus moschatus","Crocuta crocuta",1,"Afrotropic",120
"Canis mesomelas","Mellivora capensis",1,"Afrotropic",121
"Tragelaphus eurycerus","Canis mesomelas",0,"Afrotropic",122
"Chlorocebus pygerythrus","Crocuta crocuta",0,"Afrotropic",123
"Tragelaphus scriptus","Leptailurus serval",0,"Afrotropic",124
"Tragelaphus eurycerus","Lycaon pictus",0,"Afrotropic",125
"Tragelaphus scriptus","Mellivora capensis",0,"Afrotropic",126
"Pedetes surdaster","Panthera pardus",0,"Afrotropic",127
"Cephalophus harveyi","Panthera pardus",0,"Afrotropic",128
"Thryonomys gregorianus","Panthera pardus",0,"Afrotropic",129
"Colobus guereza","Panthera pardus",0,"Afrotropic",130
"Genetta tigrina","Panthera pardus",0,"Afrotropic",131
"Lepus victoriae","Panthera pardus",0,"Afrotropic",132
"Felis silvestris","Canis aureus",1,"Afrotropic",133
"Herpestes ichneumon","Canis aureus",1,"Afrotropic",134
"Ourebia ourebi","Canis mesomelas",1,"Afrotropic",135
"Otocyon megalotis","Caracal caracal",1,"Afrotropic",136
"Hystrix cristata","Crocuta crocuta",1,"Afrotropic",137
"Otocyon megalotis","Crocuta crocuta",1,"Afrotropic",138
"Ourebia ourebi","Crocuta crocuta",1,"Afrotropic",139
"Phacochoerus africanus","Crocuta crocuta",1,"Afrotropic",140
"Hystrix cristata","Herpestes ichneumon",1,"Afrotropic",141
"Canis aureus","Hyaena hyaena",1,"Afrotropic",142
"Nanger granti","Hyaena hyaena",1,"Afrotropic",143
"Otocyon megalotis","Mellivora capensis",1,"Afrotropic",144
"Canis aureus","Panthera pardus",1,"Afrotropic",145
"Chlorocebus aethiops","Panthera pardus",1,"Afrotropic",146
"Hystrix cristata","Panthera pardus",1,"Afrotropic",147
"Nanger granti","Panthera pardus",1,"Afrotropic",148
"Otocyon megalotis","Panthera pardus",1,"Afrotropic",149
"Ourebia ourebi","Panthera pardus",1,"Afrotropic",150
"Phacochoerus africanus","Panthera pardus",1,"Afrotropic",151
"Nanger granti","Canis aureus",1,"Afrotropic",152
"Otocyon megalotis","Hyaena hyaena",1,"Afrotropic",153
"Lepus habessinicus","Canis mesomelas",0,"Afrotropic",154
"Nanger granti","Canis mesomelas",0,"Afrotropic",155
"Lepus habessinicus","Caracal caracal",0,"Afrotropic",156
"Chlorocebus aethiops","Crocuta crocuta",0,"Afrotropic",157
"Lepus habessinicus","Genetta genetta",0,"Afrotropic",158
"Lepus habessinicus","Herpestes ichneumon",0,"Afrotropic",159
"Lepus habessinicus","Hyaena hyaena",0,"Afrotropic",160
"Nanger granti","Leptailurus serval",0,"Afrotropic",161
"Lepus habessinicus","Panthera pardus",0,"Afrotropic",162
"Lepus habessinicus","Canis aureus",0,"Afrotropic",163
"Alcelaphus buselaphus","Acinonyx jubatus",1,"Afrotropic",164
"Damaliscus lunatus","Acinonyx jubatus",1,"Afrotropic",165
"Giraffa camelopardalis","Acinonyx jubatus",1,"Afrotropic",166
"Hippotragus equinus","Acinonyx jubatus",1,"Afrotropic",167
"Orycteropus afer","Acinonyx jubatus",1,"Afrotropic",168
"Phacochoerus africanus","Acinonyx jubatus",1,"Afrotropic",169
"Redunca redunca","Acinonyx jubatus",1,"Afrotropic",170
"Sylvicapra grimmia","Acinonyx jubatus",1,"Afrotropic",171
"Tragelaphus scriptus","Acinonyx jubatus",1,"Afrotropic",172
"Tragelaphus strepsiceros","Acinonyx jubatus",1,"Afrotropic",173
"Alcelaphus buselaphus","Crocuta crocuta",1,"Afrotropic",174
"Chlorocebus tantalus","Crocuta crocuta",1,"Afrotropic",175
"Damaliscus lunatus","Crocuta crocuta",1,"Afrotropic",176
"Erythrocebus patas","Crocuta crocuta",1,"Afrotropic",177
"Giraffa camelopardalis","Crocuta crocuta",1,"Afrotropic",178
"Hippotragus equinus","Crocuta crocuta",1,"Afrotropic",179
"Acinonyx jubatus","Panthera leo",1,"Afrotropic",180
"Alcelaphus buselaphus","Panthera leo",1,"Afrotropic",181
"Caracal caracal","Panthera leo",1,"Afrotropic",182
"Crocuta crocuta","Panthera leo",1,"Afrotropic",183
"Damaliscus lunatus","Panthera leo",1,"Afrotropic",184
"Eudorcas rufifrons","Panthera leo",1,"Afrotropic",185
"Felis silvestris","Panthera leo",1,"Afrotropic",186
"Genetta genetta","Panthera leo",1,"Afrotropic",187
"Giraffa camelopardalis","Panthera leo",1,"Afrotropic",188
"Hippotragus equinus","Panthera leo",1,"Afrotropic",189
"Leptailurus serval","Panthera leo",1,"Afrotropic",190
"Mellivora capensis","Panthera leo",1,"Afrotropic",191
"Orycteropus afer","Panthera leo",1,"Afrotropic",192
"Panthera pardus","Panthera leo",1,"Afrotropic",193
"Papio anubis","Panthera leo",1,"Afrotropic",194
"Phacochoerus africanus","Panthera leo",1,"Afrotropic",195
"Redunca redunca","Panthera leo",1,"Afrotropic",196
"Smutsia temminckii","Panthera leo",1,"Afrotropic",197
"Sylvicapra grimmia","Panthera leo",1,"Afrotropic",198
"Tragelaphus scriptus","Panthera leo",1,"Afrotropic",199
"Tragelaphus strepsiceros","Panthera leo",1,"Afrotropic",200
"Acinonyx jubatus","Panthera pardus",1,"Afrotropic",201
"Alcelaphus buselaphus","Panthera pardus",1,"Afrotropic",202
"Cricetomys gambianus","Panthera pardus",1,"Afrotropic",203
"Damaliscus lunatus","Panthera pardus",1,"Afrotropic",204
"Erythrocebus patas","Panthera pardus",1,"Afrotropic",205
"Giraffa camelopardalis","Panthera pardus",1,"Afrotropic",206
"Hippotragus equinus","Panthera pardus",1,"Afrotropic",207
"Panthera leo","Panthera pardus",1,"Afrotropic",208
"Acinonyx jubatus","Hyaena hyaena",1,"Afrotropic",209
"Chlorocebus tantalus","Panthera pardus",0,"Afrotropic",210
"Chlorocebus tantalus","Panthera leo",0,"Afrotropic",211
"Lepus capensis","Canis aureus",1,"Afrotropic",212
"Felis margarita","Hyaena hyaena",1,"Afrotropic",213
"Gazella dorcas","Caracal caracal",1,"Afrotropic",214
"Lepus capensis","Felis margarita",1,"Afrotropic",215
"Gazella dorcas","Panthera pardus",0,"Afrotropic",216
"Nanger dama","Panthera pardus",0,"Afrotropic",217
"Gazella dorcas","Acinonyx jubatus",0,"Afrotropic",218
"Nanger dama","Acinonyx jubatus",0,"Afrotropic",219
"Antidorcas marsupialis","Canis mesomelas",1,"Afrotropic",220
"Cynictis penicillata","Canis mesomelas",1,"Afrotropic",221
"Hystrix africaeaustralis","Canis mesomelas",1,"Afrotropic",222
"Papio ursinus","Canis mesomelas",1,"Afrotropic",223
"Suricata suricatta","Canis mesomelas",1,"Afrotropic",224
"Xerus inauris","Canis mesomelas",1,"Afrotropic",225
"Antidorcas marsupialis","Caracal caracal",1,"Afrotropic",226
"Cynictis penicillata","Caracal caracal",1,"Afrotropic",227
"Hystrix africaeaustralis","Caracal caracal",1,"Afrotropic",228
"Pelea capreolus","Caracal caracal",1,"Afrotropic",229
"Pronolagus rupestris","Caracal caracal",1,"Afrotropic",230
"Suricata suricatta","Caracal caracal",1,"Afrotropic",231
"Xerus inauris","Caracal caracal",1,"Afrotropic",232
"Antidorcas marsupialis","Felis nigripes",1,"Afrotropic",233
"Cynictis penicillata","Felis nigripes",1,"Afrotropic",234
"Lepus capensis","Felis nigripes",1,"Afrotropic",235
"Pronolagus rupestris","Felis nigripes",1,"Afrotropic",236
"Suricata suricatta","Felis nigripes",1,"Afrotropic",237
"Xerus inauris","Felis nigripes",1,"Afrotropic",238
"Xerus inauris","Felis silvestris",1,"Afrotropic",239
"Cynictis penicillata","Mellivora capensis",1,"Afrotropic",240
"Suricata suricatta","Mellivora capensis",1,"Afrotropic",241
"Vulpes chama","Mellivora capensis",1,"Afrotropic",242
"Antidorcas marsupialis","Panthera pardus",1,"Afrotropic",243
"Hystrix africaeaustralis","Panthera pardus",1,"Afrotropic",244
"Oryx gazella","Panthera pardus",1,"Afrotropic",245
"Papio ursinus","Panthera pardus",1,"Afrotropic",246
"Parahyaena brunnea","Panthera pardus",1,"Afrotropic",247
"Pelea capreolus","Panthera pardus",1,"Afrotropic",248
"Proteles cristata","Panthera pardus",1,"Afrotropic",249
"Vulpes chama","Panthera pardus",1,"Afrotropic",250
"Xerus inauris","Panthera pardus",1,"Afrotropic",251
"Antidorcas marsupialis","Parahyaena brunnea",1,"Afrotropic",252
"Atilax paludinosus","Parahyaena brunnea",1,"Afrotropic",253
"Canis mesomelas","Parahyaena brunnea",1,"Afrotropic",254
"Chlorocebus pygerythrus","Parahyaena brunnea",1,"Afrotropic",255
"Cynictis penicillata","Parahyaena brunnea",1,"Afrotropic",256
"Equus zebra","Parahyaena brunnea",1,"Afrotropic",257
"Hystrix africaeaustralis","Parahyaena brunnea",1,"Afrotropic",258
"Lepus capensis","Parahyaena brunnea",1,"Afrotropic",259
"Orycteropus afer","Parahyaena brunnea",1,"Afrotropic",260
"Oryx gazella","Parahyaena brunnea",1,"Afrotropic",261
"Papio ursinus","Parahyaena brunnea",1,"Afrotropic",262
"Pelea capreolus","Parahyaena brunnea",1,"Afrotropic",263
"Procavia capensis","Parahyaena brunnea",1,"Afrotropic",264
"Proteles cristata","Parahyaena brunnea",1,"Afrotropic",265
"Raphicerus campestris","Parahyaena brunnea",1,"Afrotropic",266
"Suricata suricatta","Parahyaena brunnea",1,"Afrotropic",267
"Sylvicapra grimmia","Parahyaena brunnea",1,"Afrotropic",268
"Tragelaphus strepsiceros","Parahyaena brunnea",1,"Afrotropic",269
"Lepus capensis","Vulpes chama",1,"Afrotropic",270
"Raphicerus campestris","Vulpes chama",1,"Afrotropic",271
"Cynictis penicillata","Atilax paludinosus",1,"Afrotropic",272
"Herpestes pulverulentus","Atilax paludinosus",1,"Afrotropic",273
"Hystrix africaeaustralis","Herpestes pulverulentus",1,"Afrotropic",274
"Otocyon megalotis","Parahyaena brunnea",1,"Afrotropic",275
"Equus zebra","Canis mesomelas",0,"Afrotropic",276
"Pronolagus rupestris","Canis mesomelas",0,"Afrotropic",277
"Pronolagus rupestris","Felis silvestris",0,"Afrotropic",278
"Pronolagus rupestris","Genetta genetta",0,"Afrotropic",279
"Equus zebra","Panthera pardus",0,"Afrotropic",280
"Pronolagus rupestris","Panthera pardus",0,"Afrotropic",281
"Pronolagus rupestris","Parahyaena brunnea",0,"Afrotropic",282
"Pronolagus rupestris","Vulpes chama",0,"Afrotropic",283
"Phacochoerus africanus","Lycaon pictus",1,"Afrotropic",284
"Gazella dorcas","Lycaon pictus",0,"Afrotropic",285
"Oryx dammah","Lycaon pictus",0,"Afrotropic",286
"Addax nasomaculatus","Lycaon pictus",0,"Afrotropic",287
"Nanger dama","Lycaon pictus",0,"Afrotropic",288
"Damaliscus lunatus","Canis mesomelas",1,"Afrotropic",289
"Hippopotamus amphibius","Crocuta crocuta",1,"Afrotropic",290
"Hystrix africaeaustralis","Crocuta crocuta",1,"Afrotropic",291
"Aepyceros melampus","Panthera leo",1,"Afrotropic",292
"Canis mesomelas","Panthera leo",1,"Afrotropic",293
"Chlorocebus pygerythrus","Panthera leo",1,"Afrotropic",294
"Civettictis civetta","Panthera leo",1,"Afrotropic",295
"Colobus guereza","Panthera leo",1,"Afrotropic",296
"Diceros bicornis","Panthera leo",1,"Afrotropic",297
"Equus quagga","Panthera leo",1,"Afrotropic",298
"Hippopotamus amphibius","Panthera leo",1,"Afrotropic",299
"Hystrix africaeaustralis","Panthera leo",1,"Afrotropic",300
"Hystrix cristata","Panthera leo",1,"Afrotropic",301
"Kobus ellipsiprymnus","Panthera leo",1,"Afrotropic",302
"Loxodonta africana","Panthera leo",1,"Afrotropic",303
"Oreotragus oreotragus","Panthera leo",1,"Afrotropic",304
"Ourebia ourebi","Panthera leo",1,"Afrotropic",305
"Phataginus tricuspis","Panthera leo",1,"Afrotropic",306
"Potamochoerus larvatus","Panthera leo",1,"Afrotropic",307
"Syncerus caffer","Panthera leo",1,"Afrotropic",308
"Thryonomys swinderianus","Panthera leo",1,"Afrotropic",309
"Tragelaphus oryx","Panthera leo",1,"Afrotropic",310
"Cercopithecus ascanius","Panthera pardus",1,"Afrotropic",311
"Colobus angolensis","Panthera pardus",1,"Afrotropic",312
"Otolemur crassicaudatus","Panthera pardus",1,"Afrotropic",313
"Pan troglodytes","Panthera pardus",1,"Afrotropic",314
"Phataginus tricuspis","Panthera pardus",1,"Afrotropic",315
"Piliocolobus badius","Panthera pardus",1,"Afrotropic",316
"Tragelaphus spekii","Panthera pardus",1,"Afrotropic",317
"Tragelaphus spekii","Canis mesomelas",0,"Afrotropic",318
"Cercopithecus ascanius","Caracal aurata",0,"Afrotropic",319
"Colobus angolensis","Crocuta crocuta",0,"Afrotropic",320
"Tragelaphus spekii","Crocuta crocuta",0,"Afrotropic",321
"Perodicticus ibeanus","Panthera pardus",0,"Afrotropic",322
"Genetta tigrina","Panthera leo",0,"Afrotropic",323
"Colobus angolensis","Panthera leo",0,"Afrotropic",324
"Philantomba monticola","Panthera leo",0,"Afrotropic",325
"Tragelaphus spekii","Panthera leo",0,"Afrotropic",326
"Poelagus marjorita","Panthera leo",0,"Afrotropic",327
"Perodicticus ibeanus","Nandinia binotata",0,"Afrotropic",328
"Aepyceros melampus","Acinonyx jubatus",1,"Afrotropic",329
"Connochaetes taurinus","Acinonyx jubatus",1,"Afrotropic",330
"Equus quagga","Acinonyx jubatus",1,"Afrotropic",331
"Eudorcas thomsonii","Acinonyx jubatus",1,"Afrotropic",332
"Kobus ellipsiprymnus","Acinonyx jubatus",1,"Afrotropic",333
"Litocranius walleri","Acinonyx jubatus",1,"Afrotropic",334
"Madoqua kirkii","Acinonyx jubatus",1,"Afrotropic",335
"Nanger granti","Acinonyx jubatus",1,"Afrotropic",336
"Oreotragus oreotragus","Acinonyx jubatus",1,"Afrotropic",337
"Otocyon megalotis","Acinonyx jubatus",1,"Afrotropic",338
"Papio cynocephalus","Acinonyx jubatus",1,"Afrotropic",339
"Raphicerus campestris","Acinonyx jubatus",1,"Afrotropic",340
"Syncerus caffer","Acinonyx jubatus",1,"Afrotropic",341
"Tragelaphus oryx","Acinonyx jubatus",1,"Afrotropic",342
"Connochaetes taurinus","Canis aureus",1,"Afrotropic",343
"Alcelaphus buselaphus","Canis mesomelas",1,"Afrotropic",344
"Connochaetes taurinus","Canis mesomelas",1,"Afrotropic",345
"Madoqua kirkii","Canis mesomelas",1,"Afrotropic",346
"Madoqua kirkii","Caracal caracal",1,"Afrotropic",347
"Connochaetes taurinus","Crocuta crocuta",1,"Afrotropic",348
"Eudorcas thomsonii","Crocuta crocuta",1,"Afrotropic",349
"Litocranius walleri","Crocuta crocuta",1,"Afrotropic",350
"Madoqua kirkii","Crocuta crocuta",1,"Afrotropic",351
"Litocranius walleri","Hyaena hyaena",1,"Afrotropic",352
"Litocranius walleri","Leptailurus serval",1,"Afrotropic",353
"Alcelaphus buselaphus","Lycaon pictus",1,"Afrotropic",354
"Connochaetes taurinus","Lycaon pictus",1,"Afrotropic",355
"Eudorcas thomsonii","Lycaon pictus",1,"Afrotropic",356
"Giraffa camelopardalis","Lycaon pictus",1,"Afrotropic",357
"Litocranius walleri","Lycaon pictus",1,"Afrotropic",358
"Madoqua kirkii","Lycaon pictus",1,"Afrotropic",359
"Nanger granti","Lycaon pictus",1,"Afrotropic",360
"Litocranius walleri","Mellivora capensis",1,"Afrotropic",361
"Connochaetes taurinus","Panthera leo",1,"Afrotropic",362
"Eudorcas thomsonii","Panthera leo",1,"Afrotropic",363
"Litocranius walleri","Panthera leo",1,"Afrotropic",364
"Madoqua kirkii","Panthera leo",1,"Afrotropic",365
"Nanger granti","Panthera leo",1,"Afrotropic",366
"Papio cynocephalus","Panthera leo",1,"Afrotropic",367
"Raphicerus campestris","Panthera leo",1,"Afrotropic",368
"Connochaetes taurinus","Panthera pardus",1,"Afrotropic",369
"Eudorcas thomsonii","Panthera pardus",1,"Afrotropic",370
"Litocranius walleri","Panthera pardus",1,"Afrotropic",371
"Madoqua kirkii","Panthera pardus",1,"Afrotropic",372
"Papio cynocephalus","Panthera pardus",1,"Afrotropic",373
"Eudorcas thomsonii","Canis aureus",1,"Afrotropic",374
"Otocyon megalotis","Lycaon pictus",1,"Afrotropic",375
"Oryx beisa","Canis mesomelas",0,"Afrotropic",376
"Tragelaphus imberbis","Canis mesomelas",0,"Afrotropic",377
"Litocranius walleri","Caracal caracal",0,"Afrotropic",378
"Tragelaphus imberbis","Crocuta crocuta",0,"Afrotropic",379
"Oryx beisa","Lycaon pictus",0,"Afrotropic",380
"Tragelaphus imberbis","Lycaon pictus",0,"Afrotropic",381
"Tragelaphus imberbis","Panthera pardus",0,"Afrotropic",382
"Tragelaphus imberbis","Acinonyx jubatus",0,"Afrotropic",383
"Chlorocebus aethiops","Panthera leo",0,"Afrotropic",384
"Tragelaphus imberbis","Panthera leo",0,"Afrotropic",385
"Oryx beisa","Panthera leo",0,"Afrotropic",386
"Cephalophus adersi","Panthera pardus",0,"Afrotropic",387
"Phacochoerus aethiopicus","Acinonyx jubatus",1,"Afrotropic",388
"Phacochoerus aethiopicus","Crocuta crocuta",1,"Afrotropic",389
"Damaliscus lunatus","Lycaon pictus",1,"Afrotropic",390
"Phacochoerus aethiopicus","Panthera leo",1,"Afrotropic",391
"Phacochoerus aethiopicus","Lycaon pictus",1,"Afrotropic",392
"Beatragus hunteri","Canis mesomelas",0,"Afrotropic",393
"Beatragus hunteri","Crocuta crocuta",0,"Afrotropic",394
"Beatragus hunteri","Lycaon pictus",0,"Afrotropic",395
"Beatragus hunteri","Acinonyx jubatus",0,"Afrotropic",396
"Beatragus hunteri","Panthera leo",0,"Afrotropic",397
"Ourebia ourebi","Acinonyx jubatus",1,"Afrotropic",398
"Cephalophus rufilatus","Crocuta crocuta",1,"Afrotropic",399
"Kobus kob","Crocuta crocuta",1,"Afrotropic",400
"Hippotragus equinus","Lycaon pictus",1,"Afrotropic",401
"Ourebia ourebi","Lycaon pictus",1,"Afrotropic",402
"Cephalophus rufilatus","Panthera leo",1,"Afrotropic",403
"Kobus kob","Panthera leo",1,"Afrotropic",404
"Cephalophus rufilatus","Panthera pardus",1,"Afrotropic",405
"Kobus kob","Panthera pardus",1,"Afrotropic",406
"Kobus kob","Lycaon pictus",0,"Afrotropic",407
"Kobus kob","Acinonyx jubatus",0,"Afrotropic",408
"Dendrohyrax validus","Panthera pardus",0,"Afrotropic",409
"Papio hamadryas","Caracal caracal",1,"Afrotropic",410
"Redunca fulvorufula","Panthera leo",1,"Afrotropic",411
"Papio hamadryas","Panthera pardus",1,"Afrotropic",412
"Madoqua saltiana","Lycaon pictus",1,"Afrotropic",413
"Nanger soemmerringii","Caracal caracal",0,"Afrotropic",414
"Nanger soemmerringii","Crocuta crocuta",0,"Afrotropic",415
"Nanger soemmerringii","Lycaon pictus",0,"Afrotropic",416
"Nanger soemmerringii","Panthera pardus",0,"Afrotropic",417
"Nanger soemmerringii","Acinonyx jubatus",0,"Afrotropic",418
"Nanger soemmerringii","Panthera leo",0,"Afrotropic",419
"Papio papio","Crocuta crocuta",1,"Afrotropic",420
"Papio papio","Lycaon pictus",1,"Afrotropic",421
"Chlorocebus sabaeus","Panthera leo",1,"Afrotropic",422
"Papio papio","Panthera leo",1,"Afrotropic",423
"Potamochoerus porcus","Panthera leo",1,"Afrotropic",424
"Chlorocebus sabaeus","Panthera pardus",1,"Afrotropic",425
"Colobus polykomos","Panthera pardus",1,"Afrotropic",426
"Genetta pardina","Panthera pardus",1,"Afrotropic",427
"Papio papio","Panthera pardus",1,"Afrotropic",428
"Potamochoerus porcus","Panthera pardus",1,"Afrotropic",429
"Potamochoerus porcus","Caracal caracal",0,"Afrotropic",430
"Genetta pardina","Crocuta crocuta",0,"Afrotropic",431
"Potamochoerus porcus","Crocuta crocuta",0,"Afrotropic",432
"Chlorocebus sabaeus","Crocuta crocuta",0,"Afrotropic",433
"Genetta pardina","Felis silvestris",0,"Afrotropic",434
"Potamochoerus porcus","Lycaon pictus",0,"Afrotropic",435
"Piliocolobus temminckii","Panthera pardus",0,"Afrotropic",436
"Mungos gambianus","Panthera pardus",0,"Afrotropic",437
"Genetta pardina","Panthera leo",0,"Afrotropic",438
"Colobus polykomos","Panthera leo",0,"Afrotropic",439
"Lepus starcki","Canis simensis",1,"Afrotropic",440
"Procavia capensis","Canis simensis",1,"Afrotropic",441
"Hylochoerus meinertzhageni","Panthera leo",1,"Afrotropic",442
"Tragelaphus buxtoni","Panthera pardus",1,"Afrotropic",443
"Redunca redunca","Canis simensis",1,"Afrotropic",444
"Sylvicapra grimmia","Canis simensis",1,"Afrotropic",445
"Tragelaphus buxtoni","Canis simensis",1,"Afrotropic",446
"Heterohyrax brucei","Canis simensis",1,"Afrotropic",447
"Tachyoryctes macrocephalus","Canis simensis",1,"Afrotropic",448
"Tragelaphus buxtoni","Caracal caracal",0,"Afrotropic",449
"Tragelaphus buxtoni","Crocuta crocuta",0,"Afrotropic",450
"Lepus starcki","Panthera pardus",0,"Afrotropic",451
"Canis simensis","Panthera leo",0,"Afrotropic",452
"Tragelaphus buxtoni","Panthera leo",0,"Afrotropic",453
"Tragelaphus strepsiceros","Canis simensis",0,"Afrotropic",454
"Hippotragus niger","Acinonyx jubatus",1,"Afrotropic",455
"Kobus vardonii","Acinonyx jubatus",1,"Afrotropic",456
"Pedetes capensis","Acinonyx jubatus",1,"Afrotropic",457
"Raphicerus sharpei","Acinonyx jubatus",1,"Afrotropic",458
"Redunca arundinum","Acinonyx jubatus",1,"Afrotropic",459
"Raphicerus sharpei","Canis adustus",1,"Afrotropic",460
"Pedetes capensis","Caracal caracal",1,"Afrotropic",461
"Raphicerus sharpei","Caracal caracal",1,"Afrotropic",462
"Hippotragus niger","Crocuta crocuta",1,"Afrotropic",463
"Kobus vardonii","Crocuta crocuta",1,"Afrotropic",464
"Raphicerus sharpei","Crocuta crocuta",1,"Afrotropic",465
"Pedetes capensis","Felis silvestris",1,"Afrotropic",466
"Redunca arundinum","Leptailurus serval",1,"Afrotropic",467
"Pedetes capensis","Mellivora capensis",1,"Afrotropic",468
"Hippotragus niger","Panthera leo",1,"Afrotropic",469
"Kobus leche","Panthera leo",1,"Afrotropic",470
"Kobus vardonii","Panthera leo",1,"Afrotropic",471
"Pedetes capensis","Panthera leo",1,"Afrotropic",472
"Raphicerus sharpei","Panthera leo",1,"Afrotropic",473
"Redunca arundinum","Panthera leo",1,"Afrotropic",474
"Cephalophus silvicultor","Panthera pardus",1,"Afrotropic",475
"Hippotragus niger","Panthera pardus",1,"Afrotropic",476
"Kobus leche","Panthera pardus",1,"Afrotropic",477
"Kobus vardonii","Panthera pardus",1,"Afrotropic",478
"Pedetes capensis","Panthera pardus",1,"Afrotropic",479
"Raphicerus sharpei","Panthera pardus",1,"Afrotropic",480
"Redunca arundinum","Panthera pardus",1,"Afrotropic",481
"Pedetes capensis","Leptailurus serval",1,"Afrotropic",482
"Kobus leche","Crocuta crocuta",1,"Afrotropic",483
"Redunca arundinum","Crocuta crocuta",0,"Afrotropic",484
"Chlorocebus cynosuros","Crocuta crocuta",0,"Afrotropic",485
"Chlorocebus cynosuros","Panthera pardus",0,"Afrotropic",486
"Tragelaphus spekii","Acinonyx jubatus",0,"Afrotropic",487
"Kobus leche","Acinonyx jubatus",0,"Afrotropic",488
"Chlorocebus cynosuros","Panthera leo",0,"Afrotropic",489
"Tragelaphus angasii","Acinonyx jubatus",1,"Afrotropic",490
"Pedetes capensis","Canis mesomelas",1,"Afrotropic",491
"Raphicerus sharpei","Canis mesomelas",1,"Afrotropic",492
"Redunca arundinum","Canis mesomelas",1,"Afrotropic",493
"Tragelaphus angasii","Canis mesomelas",1,"Afrotropic",494
"Tragelaphus angasii","Crocuta crocuta",1,"Afrotropic",495
"Redunca arundinum","Lycaon pictus",1,"Afrotropic",496
"Tragelaphus angasii","Lycaon pictus",1,"Afrotropic",497
"Papio ursinus","Panthera leo",1,"Afrotropic",498
"Parahyaena brunnea","Panthera leo",1,"Afrotropic",499
"Tragelaphus angasii","Panthera leo",1,"Afrotropic",500
"Tragelaphus angasii","Panthera pardus",1,"Afrotropic",501
"Acinonyx jubatus","Parahyaena brunnea",1,"Afrotropic",502
"Aepyceros melampus","Parahyaena brunnea",1,"Afrotropic",503
"Connochaetes taurinus","Parahyaena brunnea",1,"Afrotropic",504
"Equus quagga","Parahyaena brunnea",1,"Afrotropic",505
"Giraffa camelopardalis","Parahyaena brunnea",1,"Afrotropic",506
"Panthera leo","Parahyaena brunnea",1,"Afrotropic",507
"Pedetes capensis","Parahyaena brunnea",1,"Afrotropic",508
"Phacochoerus africanus","Parahyaena brunnea",1,"Afrotropic",509
"Potamochoerus larvatus","Parahyaena brunnea",1,"Afrotropic",510
"Syncerus caffer","Parahyaena brunnea",1,"Afrotropic",511
"Tragelaphus oryx","Parahyaena brunnea",1,"Afrotropic",512
"Tragelaphus scriptus","Parahyaena brunnea",1,"Afrotropic",513
"Pedetes capensis","Lycaon pictus",0,"Afrotropic",514
"Cephalophus dorsalis","Caracal aurata",1,"Afrotropic",515
"Cricetomys emini","Caracal aurata",1,"Afrotropic",516
"Neotragus batesi","Caracal aurata",1,"Afrotropic",517
"Protoxerus stangeri","Caracal aurata",1,"Afrotropic",518
"Cephalophus dorsalis","Panthera pardus",1,"Afrotropic",519
"Cephalophus leucogaster","Panthera pardus",1,"Afrotropic",520
"Cercopithecus cephus","Panthera pardus",1,"Afrotropic",521
"Cercopithecus mona","Panthera pardus",1,"Afrotropic",522
"Cercopithecus nictitans","Panthera pardus",1,"Afrotropic",523
"Colobus satanas","Panthera pardus",1,"Afrotropic",524
"Cricetomys emini","Panthera pardus",1,"Afrotropic",525
"Dendrohyrax dorsalis","Panthera pardus",1,"Afrotropic",526
"Gorilla gorilla","Panthera pardus",1,"Afrotropic",527
"Hyemoschus aquaticus","Panthera pardus",1,"Afrotropic",528
"Lophocebus albigena","Panthera pardus",1,"Afrotropic",529
"Neotragus batesi","Panthera pardus",1,"Afrotropic",530
"Phataginus tetradactyla","Panthera pardus",1,"Afrotropic",531
"Protoxerus stangeri","Panthera pardus",1,"Afrotropic",532
"Cephalophus callipygus","Caracal aurata",1,"Afrotropic",533
"Cercopithecus cephus","Caracal aurata",1,"Afrotropic",534
"Hyemoschus aquaticus","Atilax paludinosus",1,"Afrotropic",535
"Cricetomys emini","Bdeogale nigripes",1,"Afrotropic",536
"Philantomba monticola","Herpestes naso",1,"Afrotropic",537
"Cercopithecus neglectus","Panthera pardus",0,"Afrotropic",538
"Cercocebus agilis","Panthera pardus",0,"Afrotropic",539
"Cephalophus callipygus","Panthera pardus",0,"Afrotropic",540
"Cephalophus weynsi","Panthera pardus",1,"Afrotropic",541
"Crossarchus alexandri","Panthera pardus",1,"Afrotropic",542
"Cricetomys gambianus","Caracal aurata",0,"Afrotropic",543
"Antidorcas marsupialis","Crocuta crocuta",1,"Afrotropic",544
"Antidorcas marsupialis","Panthera leo",1,"Afrotropic",545
"Antidorcas marsupialis","Lycaon pictus",1,"Afrotropic",546
"Kobus leche","Lycaon pictus",1,"Afrotropic",547
"Tragelaphus spekii","Lycaon pictus",0,"Afrotropic",548
"Cercocebus torquatus","Panthera pardus",1,"Afrotropic",549
"Mandrillus sphinx","Panthera pardus",1,"Afrotropic",550
"Hippotragus niger","Lycaon pictus",1,"Afrotropic",551
"Oryx gazella","Acinonyx jubatus",1,"Afrotropic",552
"Oryx gazella","Crocuta crocuta",1,"Afrotropic",553
"Kobus vardonii","Lycaon pictus",1,"Afrotropic",554
"Ceratotherium simum","Panthera leo",1,"Afrotropic",555
"Oryx gazella","Panthera leo",1,"Afrotropic",556
"Ceratotherium simum","Parahyaena brunnea",1,"Afrotropic",557
"Kobus ellipsiprymnus","Parahyaena brunnea",1,"Afrotropic",558
"Ceratotherium simum","Crocuta crocuta",1,"Afrotropic",559
"Hippotragus niger","Canis mesomelas",0,"Afrotropic",560
"Kobus leche","Canis mesomelas",0,"Afrotropic",561
"Kobus vardonii","Canis mesomelas",0,"Afrotropic",562
"Hippotragus niger","Parahyaena brunnea",0,"Afrotropic",563
"Lepus saxatilis","Leptailurus serval",1,"Afrotropic",564
"Lepus saxatilis","Mellivora capensis",1,"Afrotropic",565
"Cephalophus niger","Panthera leo",1,"Afrotropic",566
"Colobus vellerosus","Panthera leo",1,"Afrotropic",567
"Tragelaphus eurycerus","Panthera leo",1,"Afrotropic",568
"Cephalophus niger","Panthera pardus",1,"Afrotropic",569
"Cercopithecus diana","Panthera pardus",1,"Afrotropic",570
"Cercopithecus petaurista","Panthera pardus",1,"Afrotropic",571
"Colobus vellerosus","Panthera pardus",1,"Afrotropic",572
"Lepus saxatilis","Panthera pardus",1,"Afrotropic",573
"Neotragus pygmaeus","Panthera pardus",1,"Afrotropic",574
"Procolobus verus","Panthera pardus",1,"Afrotropic",575
"Cephalophus rufilatus","Caracal aurata",0,"Afrotropic",576
"Cephalophus niger","Caracal aurata",0,"Afrotropic",577
"Cephalophus dorsalis","Crocuta crocuta",0,"Afrotropic",578
"Cercopithecus lowei","Panthera pardus",0,"Afrotropic",579
"Hyemoschus aquaticus","Panthera leo",0,"Afrotropic",580
"Cephalophus dorsalis","Panthera leo",0,"Afrotropic",581
"Lepus saxatilis","Panthera leo",0,"Afrotropic",582
"Antidorcas marsupialis","Acinonyx jubatus",1,"Afrotropic",583
"Alcelaphus buselaphus","Parahyaena brunnea",1,"Afrotropic",584
"Pedetes capensis","Vulpes chama",1,"Afrotropic",585
"Pronolagus randensis","Canis mesomelas",0,"Afrotropic",586
"Pronolagus randensis","Caracal caracal",0,"Afrotropic",587
"Pronolagus randensis","Felis silvestris",0,"Afrotropic",588
"Pronolagus randensis","Genetta genetta",0,"Afrotropic",589
"Pronolagus randensis","Panthera pardus",0,"Afrotropic",590
"Equus zebra","Acinonyx jubatus",0,"Afrotropic",591
"Pronolagus randensis","Parahyaena brunnea",0,"Afrotropic",592
"Equus zebra","Crocuta crocuta",0,"Afrotropic",593
"Equus zebra","Lycaon pictus",0,"Afrotropic",594
"Equus zebra","Panthera leo",0,"Afrotropic",595
"Ammotragus lervia","Caracal caracal",1,"Afrotropic",596
"Gazella dorcas","Panthera leo",0,"Afrotropic",597
"Ammotragus lervia","Panthera leo",0,"Afrotropic",598
"Kobus megaceros","Lycaon pictus",1,"Afrotropic",599
"Kobus megaceros","Panthera leo",1,"Afrotropic",600
"Kobus megaceros","Panthera pardus",1,"Afrotropic",601
"Kobus kob","Canis mesomelas",0,"Afrotropic",602
"Kobus megaceros","Canis mesomelas",0,"Afrotropic",603
"Kobus megaceros","Crocuta crocuta",0,"Afrotropic",604
"Kobus megaceros","Acinonyx jubatus",0,"Afrotropic",605
"Cercocebus agilis","Panthera leo",0,"Afrotropic",606
"Cephalophus natalensis","Lycaon pictus",1,"Afrotropic",607
"Cephalophus natalensis","Panthera pardus",1,"Afrotropic",608
"Cephalophus natalensis","Panthera leo",0,"Afrotropic",609
"Allochrocebus lhoesti","Panthera pardus",1,"Afrotropic",610
"Cercopithecus hamlyni","Panthera pardus",1,"Afrotropic",611
"Connochaetes gnou","Canis mesomelas",1,"Afrotropic",612
"Damaliscus pygargus","Canis mesomelas",1,"Afrotropic",613
"Lepus saxatilis","Caracal caracal",1,"Afrotropic",614
"Lepus saxatilis","Herpestes pulverulentus",1,"Afrotropic",615
"Cephalophus weynsi","Lycaon pictus",0,"Afrotropic",616
"Piliocolobus tephrosceles","Panthera pardus",0,"Afrotropic",617
"Cephalophus weynsi","Panthera leo",0,"Afrotropic",618
"Piliocolobus tephrosceles","Panthera leo",0,"Afrotropic",619
"Lepus saxatilis","Acinonyx jubatus",1,"Afrotropic",620
"Lepus saxatilis","Lycaon pictus",1,"Afrotropic",621
"Pronolagus crassicaudatus","Canis mesomelas",0,"Afrotropic",622
"Pronolagus crassicaudatus","Panthera pardus",0,"Afrotropic",623
"Chlorocebus cynosuros","Parahyaena brunnea",0,"Afrotropic",624
"Phacochoerus aethiopicus","Panthera pardus",1,"Afrotropic",625
"Lepus saxatilis","Parahyaena brunnea",1,"Afrotropic",626
"Phacochoerus aethiopicus","Parahyaena brunnea",1,"Afrotropic",627
"Cercopithecus denti","Panthera pardus",1,"Afrotropic",628
"Cercopithecus denti","Caracal aurata",0,"Afrotropic",629
"Cephalophus callipygus","Panthera leo",0,"Afrotropic",630
"Madoqua guentheri","Canis mesomelas",0,"Afrotropic",631
"Madoqua guentheri","Caracal caracal",0,"Afrotropic",632
"Madoqua guentheri","Crocuta crocuta",0,"Afrotropic",633
"Madoqua guentheri","Panthera pardus",0,"Afrotropic",634
"Madoqua guentheri","Acinonyx jubatus",0,"Afrotropic",635
"Madoqua guentheri","Panthera leo",0,"Afrotropic",636
"Raphicerus melanotis","Caracal caracal",1,"Afrotropic",637
"Pronolagus saundersiae","Panthera pardus",1,"Afrotropic",638
"Raphicerus melanotis","Panthera pardus",1,"Afrotropic",639
"Cercopithecus erythrotis","Caracal aurata",0,"Afrotropic",640
"Cercopithecus erythrotis","Panthera pardus",0,"Afrotropic",641
"Piliocolobus preussi","Panthera pardus",0,"Afrotropic",642
"Allochrocebus preussi","Panthera pardus",0,"Afrotropic",643
"Cephalophus ogilbyi","Panthera pardus",0,"Afrotropic",644
"Pronolagus rupestris","Herpestes ichneumon",0,"Afrotropic",645
"Pronolagus rupestris","Hyaena hyaena",0,"Afrotropic",646
"Pronolagus rupestris","Canis aureus",0,"Afrotropic",647
"Piliocolobus bouvieri","Panthera pardus",0,"Afrotropic",648
"Madoqua guentheri","Lycaon pictus",1,"Afrotropic",649
"Allochrocebus solatus","Panthera pardus",0,"Afrotropic",650
"Cercocebus galeritus","Panthera pardus",1,"Afrotropic",651
"Pronolagus crassicaudatus","Caracal caracal",0,"Afrotropic",652
"Phacochoerus aethiopicus","Hyaena hyaena",1,"Afrotropic",653
"Cephalophus jentinki","Panthera pardus",1,"Afrotropic",654
"Cercopithecus campbelli","Panthera pardus",1,"Afrotropic",655
"Perodicticus potto","Panthera pardus",1,"Afrotropic",656
"Philantomba maxwellii","Panthera pardus",1,"Afrotropic",657
"Perodicticus potto","Nandinia binotata",1,"Afrotropic",658
"Cercocebus atys","Crocuta crocuta",0,"Afrotropic",659
"Cercocebus atys","Panthera pardus",0,"Afrotropic",660
"Thryonomys gregorianus","Parahyaena brunnea",0,"Afrotropic",661
"Cricetomys emini","Crossarchus obscurus",1,"Afrotropic",662
"Damaliscus pygargus","Panthera pardus",1,"Afrotropic",663
"Colobus satanas","Panthera leo",0,"Afrotropic",664
"Cephalophus leucogaster","Panthera leo",0,"Afrotropic",665
"Piliocolobus pennantii","Panthera pardus",0,"Afrotropic",666
"Gazella dorcas","Crocuta crocuta",0,"Afrotropic",667
"Nanger dama","Crocuta crocuta",0,"Afrotropic",668
"Okapia johnstoni","Panthera pardus",1,"Afrotropic",669
"Pan paniscus","Panthera pardus",1,"Afrotropic",670
"Piliocolobus tholloni","Panthera pardus",0,"Afrotropic",671
"Cercopithecus dryas","Panthera pardus",0,"Afrotropic",672
"Cercocebus chrysogaster","Panthera pardus",0,"Afrotropic",673
"Lophocebus aterrimus","Panthera pardus",0,"Afrotropic",674
"Piliocolobus gordonorum","Panthera pardus",0,"Afrotropic",675
"Piliocolobus gordonorum","Panthera leo",0,"Afrotropic",676
"Capra walie","Crocuta crocuta",0,"Afrotropic",677
"Capra walie","Panthera pardus",0,"Afrotropic",678
"Beatragus hunteri","Panthera pardus",0,"Afrotropic",679
"Cephalophus leucogaster","Crocuta crocuta",0,"Afrotropic",680
"Equus africanus","Crocuta crocuta",1,"Afrotropic",681
"Equus africanus","Hyaena hyaena",1,"Afrotropic",682
"Felis chaus","Canis aureus",1,"Indomalayan",683
"Lutra lutra","Canis aureus",1,"Indomalayan",684
"Martes foina","Canis aureus",1,"Indomalayan",685
"Rusa unicolor","Canis aureus",1,"Indomalayan",686
"Sus scrofa","Canis aureus",1,"Indomalayan",687
"Vulpes vulpes","Canis aureus",1,"Indomalayan",688
"Arctonyx collaris","Cuon alpinus",1,"Indomalayan",689
"Atherurus macrourus","Cuon alpinus",1,"Indomalayan",690
"Capricornis milneedwardsii","Cuon alpinus",1,"Indomalayan",691
"Elaphodus cephalophus","Cuon alpinus",1,"Indomalayan",692
"Muntiacus vaginalis","Cuon alpinus",1,"Indomalayan",693
"Rusa unicolor","Cuon alpinus",1,"Indomalayan",694
"Sus scrofa","Cuon alpinus",1,"Indomalayan",695
"Ursus thibetanus","Cuon alpinus",1,"Indomalayan",696
"Viverricula indica","Cuon alpinus",1,"Indomalayan",697
"Sus scrofa","Felis chaus",1,"Indomalayan",698
"Sus scrofa","Martes foina",1,"Indomalayan",699
"Vulpes vulpes","Martes foina",1,"Indomalayan",700
"Rusa unicolor","Neofelis nebulosa",1,"Indomalayan",701
"Sus scrofa","Neofelis nebulosa",1,"Indomalayan",702
"Arctonyx collaris","Panthera pardus",1,"Indomalayan",703
"Canis aureus","Panthera pardus",1,"Indomalayan",704
"Cuon alpinus","Panthera pardus",1,"Indomalayan",705
"Elaphodus cephalophus","Panthera pardus",1,"Indomalayan",706
"Felis chaus","Panthera pardus",1,"Indomalayan",707
"Hystrix brachyura","Panthera pardus",1,"Indomalayan",708
"Lutra lutra","Panthera pardus",1,"Indomalayan",709
"Macaca mulatta","Panthera pardus",1,"Indomalayan",710
"Moschus berezovskii","Panthera pardus",1,"Indomalayan",711
"Muntiacus vaginalis","Panthera pardus",1,"Indomalayan",712
"Naemorhedus griseus","Panthera pardus",1,"Indomalayan",713
"Nyctereutes procyonoides","Panthera pardus",1,"Indomalayan",714
"Prionailurus bengalensis","Panthera pardus",1,"Indomalayan",715
"Rusa unicolor","Panthera pardus",1,"Indomalayan",716
"Sus scrofa","Panthera pardus",1,"Indomalayan",717
"Viverricula indica","Panthera pardus",1,"Indomalayan",718
"Vulpes vulpes","Panthera pardus",1,"Indomalayan",719
"Arctonyx collaris","Prionailurus bengalensis",1,"Indomalayan",720
"Mustela sibirica","Prionailurus bengalensis",1,"Indomalayan",721
"Petaurista petaurista","Prionailurus bengalensis",1,"Indomalayan",722
"Sus scrofa","Prionailurus bengalensis",1,"Indomalayan",723
"Petaurista petaurista","Viverricula indica",1,"Indomalayan",724
"Martes foina","Vulpes vulpes",1,"Indomalayan",725
"Mustela sibirica","Vulpes vulpes",1,"Indomalayan",726
"Nyctereutes procyonoides","Vulpes vulpes",1,"Indomalayan",727
"Sus scrofa","Vulpes vulpes",1,"Indomalayan",728
"Naemorhedus griseus","Cuon alpinus",0,"Indomalayan",729
"Capricornis milneedwardsii","Panthera pardus",0,"Indomalayan",730
"Trachypithecus phayrei","Panthera pardus",0,"Indomalayan",731
"Petaurista philippensis","Prionailurus bengalensis",0,"Indomalayan",732
"Petaurista elegans","Prionailurus bengalensis",0,"Indomalayan",733
"Petaurista philippensis","Viverricula indica",0,"Indomalayan",734
"Petaurista elegans","Viverricula indica",0,"Indomalayan",735
"Trachypithecus phayrei","Catopuma temminckii",0,"Indomalayan",736
"Paguma larvata","Canis aureus",1,"Indomalayan",737
"Bos javanicus","Cuon alpinus",1,"Indomalayan",738
"Capricornis milneedwardsii","Martes flavigula",1,"Indomalayan",739
"Bos javanicus","Panthera pardus",1,"Indomalayan",740
"Elephas maximus","Panthera pardus",1,"Indomalayan",741
"Lepus peguensis","Panthera pardus",1,"Indomalayan",742
"Paguma larvata","Panthera pardus",1,"Indomalayan",743
"Paradoxurus hermaphroditus","Panthera pardus",1,"Indomalayan",744
"Trachypithecus pileatus","Panthera pardus",1,"Indomalayan",745
"Arctonyx collaris","Panthera tigris",1,"Indomalayan",746
"Bos javanicus","Panthera tigris",1,"Indomalayan",747
"Catopuma temminckii","Panthera tigris",1,"Indomalayan",748
"Cuon alpinus","Panthera tigris",1,"Indomalayan",749
"Elephas maximus","Panthera tigris",1,"Indomalayan",750
"Helarctos malayanus","Panthera tigris",1,"Indomalayan",751
"Lutrogale perspicillata","Panthera tigris",1,"Indomalayan",752
"Macaca mulatta","Panthera tigris",1,"Indomalayan",753
"Martes flavigula","Panthera tigris",1,"Indomalayan",754
"Paguma larvata","Panthera tigris",1,"Indomalayan",755
"Panthera pardus","Panthera tigris",1,"Indomalayan",756
"Prionailurus bengalensis","Panthera tigris",1,"Indomalayan",757
"Rusa unicolor","Panthera tigris",1,"Indomalayan",758
"Sus scrofa","Panthera tigris",1,"Indomalayan",759
"Trachypithecus pileatus","Panthera tigris",1,"Indomalayan",760
"Ursus thibetanus","Panthera tigris",1,"Indomalayan",761
"Lepus peguensis","Prionailurus bengalensis",1,"Indomalayan",762
"Sus scrofa","Prionailurus viverrinus",1,"Indomalayan",763
"Viverricula indica","Prionailurus viverrinus",1,"Indomalayan",764
"Macaca leonina","Neofelis nebulosa",0,"Indomalayan",765
"Muntiacus vaginalis","Panthera tigris",0,"Indomalayan",766
"Capricornis milneedwardsii","Panthera tigris",0,"Indomalayan",767
"Rucervus eldii","Panthera tigris",0,"Indomalayan",768
"Axis axis","Canis aureus",1,"Indomalayan",769
"Herpestes edwardsii","Canis aureus",1,"Indomalayan",770
"Hystrix indica","Canis aureus",1,"Indomalayan",771
"Axis axis","Cuon alpinus",1,"Indomalayan",772
"Bos gaurus","Cuon alpinus",1,"Indomalayan",773
"Herpestes edwardsii","Cuon alpinus",1,"Indomalayan",774
"Hystrix indica","Cuon alpinus",1,"Indomalayan",775
"Lepus nigricollis","Cuon alpinus",1,"Indomalayan",776
"Nilgiritragus hylocrius","Cuon alpinus",1,"Indomalayan",777
"Paradoxurus jerdoni","Cuon alpinus",1,"Indomalayan",778
"Axis axis","Panthera pardus",1,"Indomalayan",779
"Bos gaurus","Panthera pardus",1,"Indomalayan",780
"Herpestes edwardsii","Panthera pardus",1,"Indomalayan",781
"Hystrix indica","Panthera pardus",1,"Indomalayan",782
"Lepus nigricollis","Panthera pardus",1,"Indomalayan",783
"Macaca radiata","Panthera pardus",1,"Indomalayan",784
"Manis crassicaudata","Panthera pardus",1,"Indomalayan",785
"Melursus ursinus","Panthera pardus",1,"Indomalayan",786
"Moschiola indica","Panthera pardus",1,"Indomalayan",787
"Nilgiritragus hylocrius","Panthera pardus",1,"Indomalayan",788
"Paradoxurus jerdoni","Panthera pardus",1,"Indomalayan",789
"Ratufa indica","Panthera pardus",1,"Indomalayan",790
"Axis axis","Panthera tigris",1,"Indomalayan",791
"Bos gaurus","Panthera tigris",1,"Indomalayan",792
"Hystrix indica","Panthera tigris",1,"Indomalayan",793
"Lepus nigricollis","Panthera tigris",1,"Indomalayan",794
"Macaca radiata","Panthera tigris",1,"Indomalayan",795
"Melursus ursinus","Panthera tigris",1,"Indomalayan",796
"Moschiola indica","Panthera tigris",1,"Indomalayan",797
"Nilgiritragus hylocrius","Panthera tigris",1,"Indomalayan",798
"Semnopithecus priam","Cuon alpinus",0,"Indomalayan",799
"Trachypithecus johnii","Panthera pardus",0,"Indomalayan",800
"Semnopithecus priam","Panthera pardus",0,"Indomalayan",801
"Macaca silenus","Panthera tigris",0,"Indomalayan",802
"Trachypithecus johnii","Panthera tigris",0,"Indomalayan",803
"Semnopithecus priam","Panthera tigris",0,"Indomalayan",804
"Muntiacus vuquangensis","Cuon alpinus",1,"Indomalayan",805
"Macaca fascicularis","Neofelis nebulosa",1,"Indomalayan",806
"Manis javanica","Panthera pardus",1,"Indomalayan",807
"Lutra lutra","Panthera tigris",1,"Indomalayan",808
"Muntiacus vuquangensis","Felis chaus",0,"Indomalayan",809
"Muntiacus vuquangensis","Panthera pardus",0,"Indomalayan",810
"Muntiacus vuquangensis","Martes flavigula",0,"Indomalayan",811
"Muntiacus vuquangensis","Panthera tigris",0,"Indomalayan",812
"Elaphodus cephalophus","Martes flavigula",1,"Indomalayan",813
"Ailurus fulgens","Panthera pardus",1,"Indomalayan",814
"Budorcas taxicolor","Panthera pardus",1,"Indomalayan",815
"Pseudois nayaur","Panthera pardus",1,"Indomalayan",816
"Trogopterus xanthipes","Panthera pardus",1,"Indomalayan",817
"Pseudois nayaur","Vulpes vulpes",1,"Indomalayan",818
"Naemorhedus baileyi","Panthera pardus",0,"Indomalayan",819
"Boselaphus tragocamelus","Canis aureus",1,"Indomalayan",820
"Canis lupus","Canis aureus",1,"Indomalayan",821
"Canis aureus","Canis lupus",1,"Indomalayan",822
"Felis chaus","Canis lupus",1,"Indomalayan",823
"Hyaena hyaena","Canis lupus",1,"Indomalayan",824
"Hystrix indica","Canis lupus",1,"Indomalayan",825
"Lepus nigricollis","Canis lupus",1,"Indomalayan",826
"Panthera pardus","Canis lupus",1,"Indomalayan",827
"Sus scrofa","Canis lupus",1,"Indomalayan",828
"Tetracerus quadricornis","Canis lupus",1,"Indomalayan",829
"Vulpes vulpes","Canis lupus",1,"Indomalayan",830
"Tetracerus quadricornis","Cuon alpinus",1,"Indomalayan",831
"Axis axis","Hyaena hyaena",1,"Indomalayan",832
"Boselaphus tragocamelus","Hyaena hyaena",1,"Indomalayan",833
"Canis aureus","Hyaena hyaena",1,"Indomalayan",834
"Canis lupus","Hyaena hyaena",1,"Indomalayan",835
"Felis chaus","Hyaena hyaena",1,"Indomalayan",836
"Lepus nigricollis","Hyaena hyaena",1,"Indomalayan",837
"Rusa unicolor","Hyaena hyaena",1,"Indomalayan",838
"Sus scrofa","Hyaena hyaena",1,"Indomalayan",839
"Viverricula indica","Hyaena hyaena",1,"Indomalayan",840
"Vulpes vulpes","Hyaena hyaena",1,"Indomalayan",841
"Boselaphus tragocamelus","Panthera pardus",1,"Indomalayan",842
"Canis lupus","Panthera pardus",1,"Indomalayan",843
"Tetracerus quadricornis","Panthera pardus",1,"Indomalayan",844
"Boselaphus tragocamelus","Panthera tigris",1,"Indomalayan",845
"Canis lupus","Panthera tigris",1,"Indomalayan",846
"Gazella bennettii","Panthera tigris",1,"Indomalayan",847
"Tetracerus quadricornis","Panthera tigris",1,"Indomalayan",848
"Vulpes vulpes","Panthera tigris",1,"Indomalayan",849
"Hystrix indica","Vulpes vulpes",1,"Indomalayan",850
"Semnopithecus dussumieri","Cuon alpinus",0,"Indomalayan",851
"Semnopithecus dussumieri","Panthera pardus",0,"Indomalayan",852
"Semnopithecus dussumieri","Panthera tigris",0,"Indomalayan",853
"Semnopithecus dussumieri","Hyaena hyaena",0,"Indomalayan",854
"Naemorhedus goral","Cuon alpinus",1,"Indomalayan",855
"Capricornis thar","Panthera pardus",1,"Indomalayan",856
"Naemorhedus goral","Panthera pardus",1,"Indomalayan",857
"Capricornis thar","Cuon alpinus",0,"Indomalayan",858
"Capricornis thar","Martes flavigula",0,"Indomalayan",859
"Trachypithecus obscurus","Catopuma temminckii",1,"Indomalayan",860
"Capricornis sumatraensis","Cuon alpinus",1,"Indomalayan",861
"Muntiacus muntjak","Cuon alpinus",1,"Indomalayan",862
"Macaca nemestrina","Neofelis nebulosa",1,"Indomalayan",863
"Sus barbatus","Neofelis nebulosa",1,"Indomalayan",864
"Capricornis sumatraensis","Panthera pardus",1,"Indomalayan",865
"Muntiacus muntjak","Panthera pardus",1,"Indomalayan",866
"Trachypithecus obscurus","Panthera pardus",1,"Indomalayan",867
"Muntiacus muntjak","Panthera tigris",1,"Indomalayan",868
"Ratufa affinis","Panthera pardus",0,"Indomalayan",869
"Presbytis siamensis","Panthera pardus",0,"Indomalayan",870
"Capricornis sumatraensis","Martes flavigula",0,"Indomalayan",871
"Capricornis sumatraensis","Panthera tigris",0,"Indomalayan",872
"Trachypithecus cristatus","Catopuma temminckii",0,"Indomalayan",873
"Pseudois nayaur","Cuon alpinus",1,"Indomalayan",874
"Lutra lutra","Lynx lynx",1,"Indomalayan",875
"Martes foina","Lynx lynx",1,"Indomalayan",876
"Mustela sibirica","Lynx lynx",1,"Indomalayan",877
"Nyctereutes procyonoides","Lynx lynx",1,"Indomalayan",878
"Sus scrofa","Lynx lynx",1,"Indomalayan",879
"Vulpes vulpes","Lynx lynx",1,"Indomalayan",880
"Lepus oiostolus","Ursus arctos",1,"Indomalayan",881
"Marmota himalayana","Ursus arctos",1,"Indomalayan",882
"Pseudois nayaur","Ursus arctos",1,"Indomalayan",883
"Sus scrofa","Ursus arctos",1,"Indomalayan",884
"Vulpes vulpes","Ursus arctos",1,"Indomalayan",885
"Marmota himalayana","Vulpes vulpes",1,"Indomalayan",886
"Naemorhedus baileyi","Cuon alpinus",0,"Indomalayan",887
"Arctonyx albogularis","Panthera pardus",0,"Indomalayan",888
"Moschus chrysogaster","Panthera pardus",0,"Indomalayan",889
"Lepus comus","Ursus arctos",0,"Indomalayan",890
"Trachypithecus germaini","Panthera pardus",0,"Indomalayan",891
"Rhinoceros sondaicus","Panthera tigris",0,"Indomalayan",892
"Trachypithecus germaini","Catopuma temminckii",0,"Indomalayan",893
"Axis porcinus","Canis lupus",1,"Indomalayan",894
"Lutra lutra","Canis lupus",1,"Indomalayan",895
"Mustela sibirica","Canis lupus",1,"Indomalayan",896
"Paguma larvata","Canis lupus",1,"Indomalayan",897
"Axis porcinus","Cuon alpinus",1,"Indomalayan",898
"Axis porcinus","Felis chaus",1,"Indomalayan",899
"Axis porcinus","Panthera pardus",1,"Indomalayan",900
"Axis porcinus","Panthera tigris",1,"Indomalayan",901
"Rhinoceros unicornis","Panthera tigris",1,"Indomalayan",902
"Caprolagus hispidus","Canis lupus",0,"Indomalayan",903
"Nyctereutes procyonoides","Panthera tigris",1,"Indomalayan",904
"Bubalus arnee","Panthera pardus",1,"Indomalayan",905
"Bubalus arnee","Panthera tigris",1,"Indomalayan",906
"Arctonyx albogularis","Panthera tigris",0,"Indomalayan",907
"Muntiacus feae","Panthera tigris",0,"Indomalayan",908
"Axis axis","Prionailurus viverrinus",1,"Indomalayan",909
"Hemitragus jemlahicus","Panthera pardus",1,"Indomalayan",910
"Moschus leucogaster","Panthera pardus",1,"Indomalayan",911
"Hemitragus jemlahicus","Panthera uncia",1,"Indomalayan",912
"Macaca mulatta","Panthera uncia",1,"Indomalayan",913
"Martes flavigula","Panthera uncia",1,"Indomalayan",914
"Martes foina","Panthera uncia",1,"Indomalayan",915
"Moschus leucogaster","Panthera uncia",1,"Indomalayan",916
"Naemorhedus goral","Panthera uncia",1,"Indomalayan",917
"Paradoxurus hermaphroditus","Panthera uncia",1,"Indomalayan",918
"Pseudois nayaur","Panthera uncia",1,"Indomalayan",919
"Vulpes vulpes","Panthera uncia",1,"Indomalayan",920
"Semnopithecus schistaceus","Panthera pardus",0,"Indomalayan",921
"Hemitragus jemlahicus","Martes flavigula",0,"Indomalayan",922
"Arctonyx hoevenii","Cuon alpinus",0,"Indomalayan",923
"Muntiacus montanus","Cuon alpinus",0,"Indomalayan",924
"Arctonyx hoevenii","Prionailurus bengalensis",0,"Indomalayan",925
"Arctonyx hoevenii","Panthera tigris",0,"Indomalayan",926
"Muntiacus montanus","Panthera tigris",0,"Indomalayan",927
"Semnopithecus entellus","Cuon alpinus",1,"Indomalayan",928
"Semnopithecus entellus","Hyaena hyaena",1,"Indomalayan",929
"Semnopithecus entellus","Panthera pardus",1,"Indomalayan",930
"Semnopithecus entellus","Panthera tigris",1,"Indomalayan",931
"Meles leucurus","Canis lupus",1,"Indomalayan",932
"Nyctereutes procyonoides","Canis lupus",1,"Indomalayan",933
"Presbytis femoralis","Panthera pardus",0,"Indomalayan",934
"Rucervus duvaucelii","Panthera pardus",1,"Indomalayan",935
"Rucervus duvaucelii","Panthera tigris",1,"Indomalayan",936
"Felis silvestris","Canis aureus",1,"Indomalayan",937
"Felis silvestris","Caracal caracal",1,"Indomalayan",938
"Lepus nigricollis","Felis silvestris",1,"Indomalayan",939
"Sus scrofa","Felis silvestris",1,"Indomalayan",940
"Vulpes vulpes","Felis silvestris",1,"Indomalayan",941
"Felis silvestris","Hyaena hyaena",1,"Indomalayan",942
"Felis silvestris","Mellivora capensis",1,"Indomalayan",943
"Felis silvestris","Panthera pardus",1,"Indomalayan",944
"Felis silvestris","Vulpes vulpes",1,"Indomalayan",945
"Equus kiang","Canis lupus",1,"Indomalayan",946
"Lepus oiostolus","Canis lupus",1,"Indomalayan",947
"Lynx lynx","Canis lupus",1,"Indomalayan",948
"Marmota himalayana","Canis lupus",1,"Indomalayan",949
"Martes foina","Canis lupus",1,"Indomalayan",950
"Pseudois nayaur","Canis lupus",1,"Indomalayan",951
"Hemitragus jemlahicus","Cuon alpinus",1,"Indomalayan",952
"Canis aureus","Lynx lynx",1,"Indomalayan",953
"Canis lupus","Lynx lynx",1,"Indomalayan",954
"Felis chaus","Lynx lynx",1,"Indomalayan",955
"Equus kiang","Panthera uncia",1,"Indomalayan",956
"Lepus oiostolus","Panthera uncia",1,"Indomalayan",957
"Marmota himalayana","Panthera uncia",1,"Indomalayan",958
"Moschus chrysogaster","Panthera uncia",1,"Indomalayan",959
"Sus scrofa","Panthera uncia",1,"Indomalayan",960
"Marmota himalayana","Vulpes ferrilata",1,"Indomalayan",961
"Pseudois nayaur","Vulpes ferrilata",1,"Indomalayan",962
"Muntiacus gongshanensis","Cuon alpinus",0,"Indomalayan",963
"Semnopithecus schistaceus","Cuon alpinus",0,"Indomalayan",964
"Hemitragus jemlahicus","Felis chaus",0,"Indomalayan",965
"Muntiacus gongshanensis","Panthera pardus",0,"Indomalayan",966
"Moschus fuscus","Panthera pardus",0,"Indomalayan",967
"Muntiacus gongshanensis","Canis lupus",0,"Indomalayan",968
"Hemitragus jemlahicus","Canis lupus",0,"Indomalayan",969
"Moschus fuscus","Panthera uncia",0,"Indomalayan",970
"Semnopithecus hypoleucos","Panthera pardus",0,"Indomalayan",971
"Semnopithecus hypoleucos","Panthera tigris",0,"Indomalayan",972
"Trachypithecus cristatus","Panthera pardus",0,"Indomalayan",973
"Moschiola meminna","Panthera pardus",1,"Indomalayan",974
"Trachypithecus vetulus","Panthera pardus",0,"Indomalayan",975
"Capricornis thar","Panthera tigris",1,"Indomalayan",976
"Axis porcinus","Panthera uncia",0,"Indomalayan",977
"Naemorhedus griseus","Panthera uncia",0,"Indomalayan",978
"Trachypithecus delacouri","Panthera pardus",0,"Indomalayan",979
"Trachypithecus delacouri","Catopuma temminckii",0,"Indomalayan",980
"Trachypithecus hatinhensis","Panthera pardus",0,"Indomalayan",981
"Trachypithecus laotum","Panthera pardus",0,"Indomalayan",982
"Ursus arctos","Canis lupus",1,"Indomalayan",983
"Canis lupus","Ursus arctos",1,"Indomalayan",984
"Trachypithecus barbei","Panthera pardus",0,"Indomalayan",985
"Trachypithecus barbei","Catopuma temminckii",0,"Indomalayan",986
"Ratufa indica","Felis silvestris",1,"Indomalayan",987
"Blastocerus dichotomus","Chrysocyon brachyurus",1,"Neotropic",988
"Cabassous unicinctus","Chrysocyon brachyurus",1,"Neotropic",989
"Cuniculus paca","Chrysocyon brachyurus",1,"Neotropic",990
"Dasypus novemcinctus","Chrysocyon brachyurus",1,"Neotropic",991
"Dasypus septemcinctus","Chrysocyon brachyurus",1,"Neotropic",992
"Didelphis albiventris","Chrysocyon brachyurus",1,"Neotropic",993
"Euphractus sexcinctus","Chrysocyon brachyurus",1,"Neotropic",994
"Galictis cuja","Chrysocyon brachyurus",1,"Neotropic",995
"Hydrochoerus hydrochaeris","Chrysocyon brachyurus",1,"Neotropic",996
"Lycalopex vetulus","Chrysocyon brachyurus",1,"Neotropic",997
"Nasua nasua","Chrysocyon brachyurus",1,"Neotropic",998
"Sylvilagus brasiliensis","Chrysocyon brachyurus",1,"Neotropic",999
"Tamandua tetradactyla","Chrysocyon brachyurus",1,"Neotropic",1000
"Sylvilagus brasiliensis","Eira barbara",1,"Neotropic",1001
"Cuniculus paca","Herpailurus yagouaroundi",1,"Neotropic",1002
"Bradypus variegatus","Leopardus pardalis",1,"Neotropic",1003
"Coendou prehensilis","Leopardus pardalis",1,"Neotropic",1004
"Cuniculus paca","Leopardus pardalis",1,"Neotropic",1005
"Dasyprocta leporina","Leopardus pardalis",1,"Neotropic",1006
"Dasypus novemcinctus","Leopardus pardalis",1,"Neotropic",1007
"Eira barbara","Leopardus pardalis",1,"Neotropic",1008
"Nasua nasua","Leopardus pardalis",1,"Neotropic",1009
"Pecari tajacu","Leopardus pardalis",1,"Neotropic",1010
"Potos flavus","Leopardus pardalis",1,"Neotropic",1011
"Procyon cancrivorus","Leopardus pardalis",1,"Neotropic",1012
"Sylvilagus brasiliensis","Leopardus pardalis",1,"Neotropic",1013
"Tamandua tetradactyla","Leopardus pardalis",1,"Neotropic",1014
"Cuniculus paca","Leopardus tigrinus",1,"Neotropic",1015
"Nasua nasua","Leopardus tigrinus",1,"Neotropic",1016
"Sylvilagus brasiliensis","Leopardus tigrinus",1,"Neotropic",1017
"Galictis cuja","Leopardus wiedii",1,"Neotropic",1018
"Nasua nasua","Leopardus wiedii",1,"Neotropic",1019
"Sylvilagus brasiliensis","Leopardus wiedii",1,"Neotropic",1020
"Bradypus variegatus","Puma concolor",1,"Neotropic",1021
"Cuniculus paca","Puma concolor",1,"Neotropic",1022
"Dasyprocta leporina","Puma concolor",1,"Neotropic",1023
"Dasypus novemcinctus","Puma concolor",1,"Neotropic",1024
"Didelphis albiventris","Puma concolor",1,"Neotropic",1025
"Eira barbara","Puma concolor",1,"Neotropic",1026
"Galictis cuja","Puma concolor",1,"Neotropic",1027
"Hydrochoerus hydrochaeris","Puma concolor",1,"Neotropic",1028
"Leopardus wiedii","Puma concolor",1,"Neotropic",1029
"Mazama americana","Puma concolor",1,"Neotropic",1030
"Mazama gouazoubira","Puma concolor",1,"Neotropic",1031
"Myrmecophaga tridactyla","Puma concolor",1,"Neotropic",1032
"Nasua nasua","Puma concolor",1,"Neotropic",1033
"Pecari tajacu","Puma concolor",1,"Neotropic",1034
"Potos flavus","Puma concolor",1,"Neotropic",1035
"Procyon cancrivorus","Puma concolor",1,"Neotropic",1036
"Sylvilagus brasiliensis","Puma concolor",1,"Neotropic",1037
"Tamandua tetradactyla","Puma concolor",1,"Neotropic",1038
"Tayassu pecari","Puma concolor",1,"Neotropic",1039
"Cuniculus paca","Speothos venaticus",1,"Neotropic",1040
"Dasypus novemcinctus","Speothos venaticus",1,"Neotropic",1041
"Hydrochoerus hydrochaeris","Speothos venaticus",1,"Neotropic",1042
"Didelphis albiventris","Herpailurus yagouaroundi",0,"Neotropic",1043
"Mazama gouazoubira","Herpailurus yagouaroundi",0,"Neotropic",1044
"Didelphis albiventris","Leopardus pardalis",0,"Neotropic",1045
"Sapajus libidinosus","Leopardus pardalis",0,"Neotropic",1046
"Mazama americana","Leopardus pardalis",0,"Neotropic",1047
"Sapajus libidinosus","Puma concolor",0,"Neotropic",1048
"Dasyprocta leporina","Speothos venaticus",0,"Neotropic",1049
"Didelphis marsupialis","Galictis vittata",1,"Neotropic",1050
"Didelphis marsupialis","Herpailurus yagouaroundi",1,"Neotropic",1051
"Didelphis marsupialis","Leopardus pardalis",1,"Neotropic",1052
"Myoprocta pratti","Leopardus pardalis",1,"Neotropic",1053
"Saimiri sciureus","Leopardus pardalis",1,"Neotropic",1054
"Bradypus variegatus","Panthera onca",1,"Neotropic",1055
"Cuniculus paca","Panthera onca",1,"Neotropic",1056
"Dasypus novemcinctus","Panthera onca",1,"Neotropic",1057
"Didelphis marsupialis","Panthera onca",1,"Neotropic",1058
"Galictis vittata","Panthera onca",1,"Neotropic",1059
"Hydrochoerus hydrochaeris","Panthera onca",1,"Neotropic",1060
"Leopardus wiedii","Panthera onca",1,"Neotropic",1061
"Mazama americana","Panthera onca",1,"Neotropic",1062
"Myrmecophaga tridactyla","Panthera onca",1,"Neotropic",1063
"Nasua nasua","Panthera onca",1,"Neotropic",1064
"Pecari tajacu","Panthera onca",1,"Neotropic",1065
"Potos flavus","Panthera onca",1,"Neotropic",1066
"Procyon cancrivorus","Panthera onca",1,"Neotropic",1067
"Tamandua tetradactyla","Panthera onca",1,"Neotropic",1068
"Tapirus terrestris","Panthera onca",1,"Neotropic",1069
"Tayassu pecari","Panthera onca",1,"Neotropic",1070
"Didelphis marsupialis","Puma concolor",1,"Neotropic",1071
"Mazama nemorivaga","Herpailurus yagouaroundi",0,"Neotropic",1072
"Dasyprocta fuliginosa","Leopardus pardalis",0,"Neotropic",1073
"Sapajus macrocephalus","Leopardus pardalis",0,"Neotropic",1074
"Cebus albifrons","Leopardus pardalis",0,"Neotropic",1075
"Mazama nemorivaga","Puma concolor",0,"Neotropic",1076
"Dasyprocta fuliginosa","Puma concolor",0,"Neotropic",1077
"Sapajus macrocephalus","Puma concolor",0,"Neotropic",1078
"Cebus albifrons","Puma concolor",0,"Neotropic",1079
"Ateles belzebuth","Puma concolor",0,"Neotropic",1080
"Dasyprocta fuliginosa","Speothos venaticus",0,"Neotropic",1081
"Sapajus macrocephalus","Panthera onca",0,"Neotropic",1082
"Cebus albifrons","Panthera onca",0,"Neotropic",1083
"Ateles belzebuth","Panthera onca",0,"Neotropic",1084
"Mazama nemorivaga","Panthera onca",0,"Neotropic",1085
"Dasyprocta fuliginosa","Panthera onca",0,"Neotropic",1086
"Bassaricyon alleni","Panthera onca",0,"Neotropic",1087
"Alouatta guariba","Leopardus pardalis",1,"Neotropic",1088
"Dasyprocta azarae","Leopardus pardalis",1,"Neotropic",1089
"Didelphis aurita","Leopardus pardalis",1,"Neotropic",1090
"Sapajus nigritus","Leopardus pardalis",1,"Neotropic",1091
"Alouatta guariba","Puma concolor",1,"Neotropic",1092
"Conepatus chinga","Puma concolor",1,"Neotropic",1093
"Dasyprocta azarae","Puma concolor",1,"Neotropic",1094
"Myocastor coypus","Puma concolor",1,"Neotropic",1095
"Sapajus nigritus","Puma concolor",1,"Neotropic",1096
"Dasyprocta azarae","Speothos venaticus",1,"Neotropic",1097
"Didelphis aurita","Herpailurus yagouaroundi",0,"Neotropic",1098
"Didelphis aurita","Puma concolor",0,"Neotropic",1099
"Philander opossum","Leopardus pardalis",1,"Neotropic",1100
"Sapajus apella","Leopardus pardalis",1,"Neotropic",1101
"Dasyprocta leporina","Panthera onca",1,"Neotropic",1102
"Philander opossum","Panthera onca",1,"Neotropic",1103
"Sapajus apella","Panthera onca",1,"Neotropic",1104
"Sylvilagus brasiliensis","Panthera onca",1,"Neotropic",1105
"Philander opossum","Puma concolor",1,"Neotropic",1106
"Sapajus apella","Puma concolor",1,"Neotropic",1107
"Saimiri ustus","Leopardus pardalis",0,"Neotropic",1108
"Coendou nycthemera","Leopardus pardalis",0,"Neotropic",1109
"Ateles chamek","Puma concolor",0,"Neotropic",1110
"Ateles chamek","Panthera onca",0,"Neotropic",1111
"Ateles paniscus","Puma concolor",0,"Neotropic",1112
"Ateles paniscus","Panthera onca",0,"Neotropic",1113
"Dasypus novemcinctus","Canis latrans",1,"Neotropic",1114
"Didelphis virginiana","Canis latrans",1,"Neotropic",1115
"Odocoileus virginianus","Canis latrans",1,"Neotropic",1116
"Pecari tajacu","Canis latrans",1,"Neotropic",1117
"Procyon lotor","Canis latrans",1,"Neotropic",1118
"Sylvilagus floridanus","Canis latrans",1,"Neotropic",1119
"Urocyon cinereoargenteus","Canis latrans",1,"Neotropic",1120
"Dasyprocta punctata","Galictis vittata",1,"Neotropic",1121
"Sylvilagus floridanus","Herpailurus yagouaroundi",1,"Neotropic",1122
"Dasyprocta punctata","Leopardus pardalis",1,"Neotropic",1123
"Mazama temama","Leopardus pardalis",1,"Neotropic",1124
"Odocoileus virginianus","Leopardus pardalis",1,"Neotropic",1125
"Tamandua mexicana","Leopardus pardalis",1,"Neotropic",1126
"Ateles geoffroyi","Panthera onca",1,"Neotropic",1127
"Conepatus semistriatus","Panthera onca",1,"Neotropic",1128
"Dasyprocta punctata","Panthera onca",1,"Neotropic",1129
"Didelphis virginiana","Panthera onca",1,"Neotropic",1130
"Mazama temama","Panthera onca",1,"Neotropic",1131
"Nasua narica","Panthera onca",1,"Neotropic",1132
"Odocoileus virginianus","Panthera onca",1,"Neotropic",1133
"Procyon lotor","Panthera onca",1,"Neotropic",1134
"Sylvilagus floridanus","Panthera onca",1,"Neotropic",1135
"Tamandua mexicana","Panthera onca",1,"Neotropic",1136
"Urocyon cinereoargenteus","Panthera onca",1,"Neotropic",1137
"Dasypus novemcinctus","Procyon lotor",1,"Neotropic",1138
"Odocoileus virginianus","Procyon lotor",1,"Neotropic",1139
"Sylvilagus floridanus","Procyon lotor",1,"Neotropic",1140
"Urocyon cinereoargenteus","Procyon lotor",1,"Neotropic",1141
"Ateles geoffroyi","Puma concolor",1,"Neotropic",1142
"Canis latrans","Puma concolor",1,"Neotropic",1143
"Coendou mexicanus","Puma concolor",1,"Neotropic",1144
"Dasyprocta punctata","Puma concolor",1,"Neotropic",1145
"Didelphis virginiana","Puma concolor",1,"Neotropic",1146
"Mazama temama","Puma concolor",1,"Neotropic",1147
"Nasua narica","Puma concolor",1,"Neotropic",1148
"Odocoileus virginianus","Puma concolor",1,"Neotropic",1149
"Procyon lotor","Puma concolor",1,"Neotropic",1150
"Sylvilagus floridanus","Puma concolor",1,"Neotropic",1151
"Tamandua mexicana","Puma concolor",1,"Neotropic",1152
"Urocyon cinereoargenteus","Puma concolor",1,"Neotropic",1153
"Canis latrans","Urocyon cinereoargenteus",1,"Neotropic",1154
"Didelphis virginiana","Urocyon cinereoargenteus",1,"Neotropic",1155
"Pecari tajacu","Urocyon cinereoargenteus",1,"Neotropic",1156
"Choloepus hoffmanni","Leopardus pardalis",1,"Neotropic",1157
"Choloepus hoffmanni","Puma concolor",1,"Neotropic",1158
"Mazama chunyi","Herpailurus yagouaroundi",0,"Neotropic",1159
"Dasyprocta kalinowskii","Leopardus pardalis",0,"Neotropic",1160
"Saimiri boliviensis","Leopardus pardalis",0,"Neotropic",1161
"Cuniculus taczanowskii","Puma concolor",0,"Neotropic",1162
"Dasyprocta kalinowskii","Puma concolor",0,"Neotropic",1163
"Didelphis pernigra","Puma concolor",0,"Neotropic",1164
"Mazama chunyi","Puma concolor",0,"Neotropic",1165
"Cuniculus taczanowskii","Speothos venaticus",0,"Neotropic",1166
"Dasyprocta kalinowskii","Speothos venaticus",0,"Neotropic",1167
"Cuniculus taczanowskii","Panthera onca",0,"Neotropic",1168
"Didelphis pernigra","Panthera onca",0,"Neotropic",1169
"Dasyprocta kalinowskii","Panthera onca",0,"Neotropic",1170
"Mazama chunyi","Panthera onca",0,"Neotropic",1171
"Myoprocta acouchy","Leopardus pardalis",0,"Neotropic",1172
"Bradypus tridactylus","Puma concolor",0,"Neotropic",1173
"Saguinus midas","Puma concolor",0,"Neotropic",1174
"Bradypus tridactylus","Panthera onca",0,"Neotropic",1175
"Cebus capucinus","Leopardus pardalis",1,"Neotropic",1176
"Coendou quichua","Leopardus pardalis",1,"Neotropic",1177
"Cebus capucinus","Puma concolor",1,"Neotropic",1178
"Alouatta palliata","Leopardus pardalis",0,"Neotropic",1179
"Alouatta palliata","Puma concolor",0,"Neotropic",1180
"Cebus capucinus","Panthera onca",0,"Neotropic",1181
"Didelphis albiventris","Panthera onca",1,"Neotropic",1182
"Mazama gouazoubira","Panthera onca",1,"Neotropic",1183
"Didelphis albiventris","Galictis vittata",0,"Neotropic",1184
"Cabassous tatouay","Herpailurus yagouaroundi",1,"Neotropic",1185
"Mazama nana","Herpailurus yagouaroundi",1,"Neotropic",1186
"Dasyprocta azarae","Panthera onca",1,"Neotropic",1187
"Euphractus sexcinctus","Panthera onca",1,"Neotropic",1188
"Sapajus cay","Leopardus pardalis",0,"Neotropic",1189
"Mazama nana","Puma concolor",0,"Neotropic",1190
"Sapajus cay","Puma concolor",0,"Neotropic",1191
"Didelphis aurita","Panthera onca",0,"Neotropic",1192
"Sapajus cay","Panthera onca",0,"Neotropic",1193
"Mazama nana","Panthera onca",0,"Neotropic",1194
"Galictis cuja","Panthera onca",0,"Neotropic",1195
"Chaetophractus villosus","Galictis cuja",1,"Neotropic",1196
"Zaedyus pichiy","Galictis cuja",1,"Neotropic",1197
"Dolichotis patagonum","Leopardus geoffroyi",1,"Neotropic",1198
"Lama guanicoe","Leopardus geoffroyi",1,"Neotropic",1199
"Myocastor coypus","Leopardus geoffroyi",1,"Neotropic",1200
"Chaetophractus villosus","Lycalopex culpaeus",1,"Neotropic",1201
"Galictis cuja","Lycalopex culpaeus",1,"Neotropic",1202
"Lama guanicoe","Lycalopex culpaeus",1,"Neotropic",1203
"Puma concolor","Lycalopex culpaeus",1,"Neotropic",1204
"Zaedyus pichiy","Lycalopex culpaeus",1,"Neotropic",1205
"Chaetophractus villosus","Lycalopex griseus",1,"Neotropic",1206
"Galictis cuja","Lycalopex griseus",1,"Neotropic",1207
"Lama guanicoe","Lycalopex griseus",1,"Neotropic",1208
"Zaedyus pichiy","Lycalopex griseus",1,"Neotropic",1209
"Chaetophractus villosus","Puma concolor",1,"Neotropic",1210
"Dolichotis patagonum","Puma concolor",1,"Neotropic",1211
"Lama guanicoe","Puma concolor",1,"Neotropic",1212
"Leopardus geoffroyi","Puma concolor",1,"Neotropic",1213
"Lycalopex culpaeus","Puma concolor",1,"Neotropic",1214
"Zaedyus pichiy","Puma concolor",1,"Neotropic",1215
"Conepatus semistriatus","Lycalopex culpaeus",1,"Neotropic",1216
"Dasyprocta punctata","Lycalopex culpaeus",1,"Neotropic",1217
"Dasypus novemcinctus","Lycalopex culpaeus",1,"Neotropic",1218
"Didelphis marsupialis","Lycalopex culpaeus",1,"Neotropic",1219
"Pudu mephistophiles","Lycalopex culpaeus",1,"Neotropic",1220
"Sylvilagus brasiliensis","Lycalopex culpaeus",1,"Neotropic",1221
"Pudu mephistophiles","Puma concolor",1,"Neotropic",1222
"Cebus brunneus","Leopardus pardalis",0,"Neotropic",1223
"Cebus brunneus","Puma concolor",0,"Neotropic",1224
"Didelphis imperfecta","Panthera onca",0,"Neotropic",1225
"Cebus brunneus","Panthera onca",0,"Neotropic",1226
"Sapajus libidinosus","Panthera onca",0,"Neotropic",1227
"Brachyteles hypoxanthus","Leopardus pardalis",1,"Neotropic",1228
"Brachyteles hypoxanthus","Puma concolor",1,"Neotropic",1229
"Sapajus nigritus","Panthera onca",0,"Neotropic",1230
"Dasyprocta prymnolopha","Speothos venaticus",1,"Neotropic",1231
"Dasyprocta prymnolopha","Leopardus pardalis",0,"Neotropic",1232
"Dasyprocta prymnolopha","Puma concolor",0,"Neotropic",1233
"Dasyprocta prymnolopha","Panthera onca",0,"Neotropic",1234
"Cuniculus paca","Lycalopex culpaeus",1,"Neotropic",1235
"Mazama rufina","Lycalopex culpaeus",1,"Neotropic",1236
"Nasuella olivacea","Lycalopex culpaeus",1,"Neotropic",1237
"Mazama rufina","Puma concolor",1,"Neotropic",1238
"Nasuella olivacea","Puma concolor",1,"Neotropic",1239
"Cuniculus taczanowskii","Tremarctos ornatus",1,"Neotropic",1240
"Tapirus pinchaque","Tremarctos ornatus",1,"Neotropic",1241
"Conepatus leuconotus","Puma concolor",1,"Neotropic",1242
"Mephitis macroura","Puma concolor",1,"Neotropic",1243
"Mephitis macroura","Leopardus wiedii",0,"Neotropic",1244
"Cuniculus paca","Lycalopex gymnocercus",1,"Neotropic",1245
"Galictis cuja","Lycalopex gymnocercus",1,"Neotropic",1246
"Sylvilagus brasiliensis","Lycalopex gymnocercus",1,"Neotropic",1247
"Bassaricyon gabbii","Panthera onca",1,"Neotropic",1248
"Sylvilagus dicei","Eira barbara",0,"Neotropic",1249
"Sylvilagus dicei","Leopardus pardalis",0,"Neotropic",1250
"Sylvilagus dicei","Leopardus tigrinus",0,"Neotropic",1251
"Sylvilagus dicei","Leopardus wiedii",0,"Neotropic",1252
"Sylvilagus dicei","Puma concolor",0,"Neotropic",1253
"Sylvilagus dicei","Panthera onca",0,"Neotropic",1254
"Ateles fusciceps","Puma concolor",0,"Neotropic",1255
"Ateles fusciceps","Panthera onca",0,"Neotropic",1256
"Euphractus sexcinctus","Leopardus geoffroyi",1,"Neotropic",1257
"Hydrochoerus hydrochaeris","Leopardus geoffroyi",1,"Neotropic",1258
"Chaetophractus villosus","Lycalopex gymnocercus",1,"Neotropic",1259
"Ctenomys conoveri","Lycalopex gymnocercus",1,"Neotropic",1260
"Dolichotis salinicola","Lycalopex gymnocercus",1,"Neotropic",1261
"Dolichotis salinicola","Panthera onca",1,"Neotropic",1262
"Dolichotis salinicola","Puma concolor",1,"Neotropic",1263
"Chaetophractus villosus","Panthera onca",0,"Neotropic",1264
"Lagostomus maximus","Puma concolor",1,"Neotropic",1265
"Kerodon rupestris","Galictis vittata",1,"Neotropic",1266
"Kerodon rupestris","Leopardus pardalis",0,"Neotropic",1267
"Kerodon rupestris","Puma concolor",0,"Neotropic",1268
"Lagidium viscacia","Leopardus colocolo",1,"Neotropic",1269
"Lagidium viscacia","Leopardus jacobita",1,"Neotropic",1270
"Lagidium viscacia","Lycalopex culpaeus",1,"Neotropic",1271
"Lagidium viscacia","Puma concolor",1,"Neotropic",1272
"Vicugna vicugna","Puma concolor",1,"Neotropic",1273
"Ateles hybridus","Puma concolor",0,"Neotropic",1274
"Ateles hybridus","Panthera onca",0,"Neotropic",1275
"Conepatus leuconotus","Panthera onca",1,"Neotropic",1276
"Mephitis macroura","Panthera onca",1,"Neotropic",1277
"Lagidium viscacia","Leopardus geoffroyi",1,"Neotropic",1278
"Pudu puda","Puma concolor",1,"Neotropic",1279
"Pudu puda","Lycalopex culpaeus",0,"Neotropic",1280
"Callicebus personatus","Leopardus pardalis",1,"Neotropic",1281
"Bradypus torquatus","Puma concolor",0,"Neotropic",1282
"Sciurus aureogaster","Puma concolor",1,"Neotropic",1283
"Zaedyus pichiy","Lycalopex gymnocercus",1,"Neotropic",1284
"Ozotoceros bezoarticus","Chrysocyon brachyurus",1,"Neotropic",1285
"Ozotoceros bezoarticus","Leopardus pardalis",1,"Neotropic",1286
"Ozotoceros bezoarticus","Puma concolor",1,"Neotropic",1287
"Lagidium wolffsohni","Puma concolor",0,"Neotropic",1288
"Dasyprocta azarae","Leopardus geoffroyi",1,"Neotropic",1289
"Didelphis aurita","Galictis vittata",0,"Neotropic",1290
"Brachyteles arachnoides","Leopardus pardalis",1,"Neotropic",1291
"Mazama bororo","Leopardus pardalis",0,"Neotropic",1292
"Mazama bororo","Puma concolor",0,"Neotropic",1293
"Brachyteles arachnoides","Puma concolor",0,"Neotropic",1294
"Mazama chunyi","Lycalopex culpaeus",0,"Neotropic",1295
