Community,Community_unify,Long,Lat,Region,Temp_deep_Mean,Temp_deep_SD,present_temp,present_temp_sea,EVI_month.mean,EVI_seasonality,Elev_mean,Elev_range,Shannon
Aberdare,Aberdare,36.68,-0.38,Afrotropic,10.73,2.48,11,8.94,0.38,0.03,3213.489316,1465,1.357
Abijatta Shalla,Abijatta Shalla,38.53,7.55,Afrotropic,18.56,1.91,19.9,12.77,0.1,0.3,1605.820488,507,1.095
Abou Telfane,Abou Telfane,18.89,12.08,Afrotropic,24.36,1.99,25.6,24.76,0.26,0.49,697.1958847,892,0.018
Addax,Addax,9.5,19.48,Afrotropic,23.24,3.38,25.4,62.92,0.07,0.03,659.3882582,134,0
Ai Ais,Ai Ais,17.33,-27.85,Afrotropic,19.74,2.04,20.2,41.49,0.06,0.07,633.1408921,1162,0.87
Air and Tenere,Air and Tenere,9.67,19.12,Afrotropic,23.79,3.39,26,62.38,0.08,0.02,590.28989,162,0
Akagera,Akagera,30.71,-1.64,Afrotropic,19.39,1.88,20.4,7.42,0.31,0.17,1372.772069,545,1.049
Amboseli,Amboseli,37.24,-2.64,Afrotropic,21.96,2.12,22,12.31,0.16,0.16,1134.660293,85,0.476
Ansongo Menaka,Ansongo Menaka,1.7,15.53,Afrotropic,27.55,2.86,30.4,36.84,0.1,0.17,323.9132651,56,0.734
Arabuko Sokoke,Arabuko Sokoke,39.89,-3.33,Afrotropic,25.68,0.95,26.2,11.41,0.4,0.05,75.86457137,190,0.827
Arawale,Arawale,40.15,-1.41,Afrotropic,26.32,1.07,27,12.62,0.22,0.2,88.92451185,43,0
Arly Partial,Arly Partial,1.14,11.4,Afrotropic,27.16,2.15,28.7,21.71,0.25,0.48,197.0341477,116,0.429
Arly Total,Arly Total,1.44,11.55,Afrotropic,27.24,2.16,28.8,22.26,0.26,0.49,190.7474149,191,0.182
Arusha,Arusha,36.85,-3.25,Afrotropic,18.42,2.53,18.2,14.15,0.36,0.1,1809.722031,2686,1.678
Awash,Awash,40.04,8.91,Afrotropic,22.47,1.89,24.3,13.15,0.17,0.23,1014.069111,392,0.108
Badiar,Badiar,-13.28,12.59,Afrotropic,28.33,1.97,28.9,22.61,0.33,0.38,58.87787206,125,1.087
Bahr Salamat,Bahr Salamat,19.43,10.56,Afrotropic,25.68,1.9,26.8,22.44,0.26,0.5,424.2988328,129,0.036
Bale,Bale,39.68,6.93,Afrotropic,6.78,2.56,8.4,7.23,0.23,0.18,3708.184249,1604,0.534
Banc dArguin,Banc dArguin,-15.79,20.1,Afrotropic,26.39,2.54,27.7,36.53,0.08,0.02,52.04348618,92,0
Bangweulu,Bangweulu,30.15,-11.94,Afrotropic,20.54,2.25,21.4,22.71,0.21,0.19,1167.315812,14,0.118
Banhine,Banhine,32.87,-22.81,Afrotropic,23.75,1.93,24.3,31.22,0.25,0.24,93.73939897,34,0
Bazaruto,Bazaruto,35.44,-21.73,Afrotropic,23.41,1.09,24.6,22.36,0.18,0.13,19.6336554,117,1.338
Benoue,Benoue,13.83,8.35,Afrotropic,25.68,2.01,26.8,20.06,0.32,0.44,395.1623182,423,0.07
Bicuar,Bicuar,14.81,-15.29,Afrotropic,20.69,2.13,22,20.87,0.32,0.32,1240.411325,129,0.557
Binder Lere,Binder Lere,14.46,9.66,Afrotropic,26.45,1.79,27.6,23.79,0.28,0.46,293.7119834,135,0.483
Bontioli,Bontioli,-3.12,10.85,Afrotropic,26.62,2.03,27.8,21,0.26,0.39,266.1864042,123,0.5
Boumba Bek,Boumba Bek,14.99,2.66,Afrotropic,21.93,1.91,22.9,6.68,0.43,0.11,563.1231807,237,0.032
Budongo,Budongo,31.59,1.82,Afrotropic,22.7,1.74,22.9,8.04,0.47,0.1,1015.859703,423,0.282
Buffalo,Buffalo,13.8,-12.77,Afrotropic,20.24,2.04,21.2,12.76,0.28,0.33,881.7200908,929,0.611
Bururi Forest,Bururi Forest,29.6,-3.93,Afrotropic,18.02,1.98,19,10.58,0.36,0.17,1653.648113,1400,1.583
Cameia,Cameia,21.64,-11.91,Afrotropic,20.55,1.4,21.5,15.8,0.17,0.21,1093.665372,14,0.661
Campo Maan,Campo Maan,10.35,2.5,Afrotropic,21.48,1.7,22.3,6.59,0.3,0.19,593.0438186,863,0.2
Cangandala,Cangandala,16.73,-9.87,Afrotropic,20.14,1.33,21,9.21,0.36,0.28,1100.096704,109,0.621
Chobe,Chobe,24.51,-18.55,Afrotropic,22.28,2.61,22.7,33.82,0.3,0.32,960.035163,40,0.05
Cliff of Bandiagara,Cliff of Bandiagara,-3.37,14.37,Afrotropic,25.72,2.4,27.8,32.94,0.16,0.32,433.7744866,268,0.728
Comoe,Comoe,-3.73,9.12,Afrotropic,26,1.95,26.9,17.86,0.3,0.33,263.719549,178,0.121
Conkouati Douli,Conkouati Douli,11.45,-3.93,Afrotropic,24.23,1.13,25,13.57,0.28,0.29,49.34428001,132,0.375
Daan Viljoen,Daan Viljoen,16.96,-22.53,Afrotropic,17.74,2.48,18.4,42.29,0.16,0.3,1686.722001,513,0.971
Deux Bales,Deux Bales,-2.94,11.6,Afrotropic,26.81,2.05,28.1,22.47,0.26,0.43,267.7729707,78,0.336
Etosha,Etosha,15.9,-18.95,Afrotropic,22.24,2.34,23.1,32.47,0.09,0.15,1090.524575,50,0.743
Fada Archei,Fada Archei,21.4,16.97,Afrotropic,25.43,3.13,27.6,45.63,0.08,0.03,575.3034624,287,0.142
Gambella,Gambella,34.13,7.96,Afrotropic,24.81,1.49,26,13.07,0.36,0.34,426.3327426,21,0.833
Garamba,Garamba,29.5,4.16,Afrotropic,22.62,2.25,23.5,13.58,0.38,0.37,784.70751,88,0.482
Gile,Gile,38.38,-16.55,Afrotropic,23.92,1.33,24.7,21.23,0.4,0.25,122.6755214,133,0.098
Gishwati,Gishwati,29.38,-1.82,Afrotropic,15.35,2.48,16.5,5.64,0.38,0.07,2204.394751,1378,1.592
Golden Gate Highlands,Golden Gate Highlands,28.67,-28.49,Afrotropic,12.24,2.51,12.9,43.86,0.23,0.32,1933.756393,1051,0.186
Gombe,Gombe,29.63,-4.69,Afrotropic,21.82,1.63,22.8,11.85,0.21,0.18,978.2096308,958,1.409
Gonarezhou,Gonarezhou,31.88,-21.6,Afrotropic,22.08,2.2,22.8,32.65,0.27,0.25,378.3150451,216,0.043
Gorongosa,Gorongosa,34.5,-18.82,Afrotropic,23.6,2.09,24.6,25.92,0.3,0.26,25.68524044,31,0.989
Hells Gate,Hells Gate,36.32,-0.88,Afrotropic,17.89,2.29,18,11.15,0.23,0.11,1980.641827,765,1.732
Hluhluwe,Hluhluwe,32.07,-28.09,Afrotropic,20.05,1.25,20.8,27.34,0.35,0.25,249.2075433,503,1.124
Hwange,Hwange,26.56,-19.08,Afrotropic,21.07,2.63,21.5,34.3,0.31,0.27,1033.547792,39,0.093
Iona,Iona,12.33,-16.64,Afrotropic,24.74,1.2,25.5,17.34,0.06,0.09,415.1880548,619,0.451
Kabore Tambi,Kabore Tambi,-1.26,11.47,Afrotropic,26.51,1.93,28.1,22.01,0.26,0.43,272.0421402,69,0.444
Kafue,Kafue,25.87,-15.15,Afrotropic,20.97,1.94,21.7,27.32,0.3,0.38,1099.601677,81,0.61
Kafue Flats,Kafue Flats,27.23,-15.64,Afrotropic,21.02,2.13,21.7,29.08,0.28,0.2,980.1980969,15,0.186
Kakamega,Kakamega,34.86,0.33,Afrotropic,20.2,1.57,19.8,10.58,0.44,0.08,1584.171739,507,1.572
Kapama,Kapama,31.04,-24.45,Afrotropic,20.24,1.76,20.9,31.91,0.27,0.31,547.4821165,187,0.908
Kasungu,Kasungu,33.13,-12.92,Afrotropic,20.26,2.09,21.2,22.12,0.32,0.27,1063.707242,356,0.7
Kgalagadi Transfrontier,Kgalagadi Transfrontier,20.78,-25.56,Afrotropic,20.88,2.23,21.6,55.68,0.13,0.14,969.3357116,56,0.686
Khaudum,Khaudum,20.78,-18.81,Afrotropic,21.09,2.59,22,35.65,0.24,0.26,1088.217393,57,0
Kibale,Kibale,30.38,0.42,Afrotropic,19.74,1.92,20.7,3.72,0.48,0.07,1279.714918,468,1.532
Kibira,Kibira,29.5,-3,Afrotropic,16.58,2.34,17.7,8.74,0.38,0.09,1975.075067,1399,1.762
Kidepo Valley,Kidepo Valley,33.8,3.86,Afrotropic,23.72,2.28,23.4,9.26,0.27,0.31,1206.623357,1051,0.17
Kilimanjaro,Kilimanjaro,37.33,-3.06,Afrotropic,6.56,2.63,6.7,9.82,0.09,0.13,3939.436832,3772,1.308
Kizigo,Kizigo,34.52,-6.59,Afrotropic,21.19,1.73,21.7,14.14,0.28,0.4,1240.298623,425,0.258
Knysna,Knysna,23.04,-34.03,Afrotropic,17.58,1.1,18.2,32.66,0.34,0.06,168.9255789,502,2.073
Korup,Korup,8.97,5.21,Afrotropic,23.48,1.88,24.4,9.97,0.34,0.18,334.6676206,682,0.785
Kourtiagou,Kourtiagou,1.96,11.54,Afrotropic,27.2,2.13,28.7,22.71,0.26,0.52,204.8386302,145,0.027
Kruger,Kruger,31.48,-24.01,Afrotropic,21.96,1.75,22.5,31.78,0.24,0.26,305.9468337,172,0.031
Lac Fitri,Lac Fitri,17.43,12.77,Afrotropic,27.13,2,28.4,29.15,0.17,0.23,289.0205772,27,1.454
Lac Tele,Lac Tele,17.23,1.19,Afrotropic,23.31,1.89,24.3,6.04,0.46,0.09,334.4819108,37,0.652
Lake Chilwa,Lake Chilwa,35.68,-15.25,Afrotropic,21.78,2.11,22.8,24.76,-0.01,-2.58,623.1824768,124,0.569
Lake Manyara,Lake Manyara,35.79,-3.49,Afrotropic,23.36,2.41,23.1,13.63,0.18,0.21,1094.565707,599,1.608
Lake Mweru,Lake Mweru,29.42,-8.65,Afrotropic,20.66,1.67,21.6,15.62,0.34,0.32,1150.797717,390,0.503
Lake Nakuru,Lake Nakuru,36.1,-0.39,Afrotropic,18.93,2.13,18.9,11.37,0.28,0.16,1851.854411,343,2.081
Lake Rukwa,Lake Rukwa,31.92,-7.39,Afrotropic,21.88,1.71,22.7,16.45,0.32,0.4,1039.390828,653,0.727
Lefini,Lefini,15.43,-2.74,Afrotropic,22.09,1.75,23,4.95,0.34,0.17,653.4224609,324,0.597
Lengwe,Lengwe,34.57,-16.22,Afrotropic,23.99,2.16,24.8,27.07,0.31,0.41,226.213946,208,0.445
Liwonde,Liwonde,35.34,-14.86,Afrotropic,22.62,2.11,23.6,24.66,0.3,0.42,503.279025,173,0.722
Lolldaiga,Lolldaiga,37.13,0.122,Afrotropic,17.46,2.02,17.6,7.96,0.28,0.18,1978.30363,490,1.26
Lope,Lope,11.54,-0.53,Afrotropic,23.08,1.7,23.9,6.57,0.36,0.13,367.9345045,402,0.16
Luando,Luando,17.38,-11.01,Afrotropic,19.71,1.62,20.6,12,0.36,0.24,1204.780852,314,1.086
Luengue Luiana,Luengue Luiana,22.52,-17.4,Afrotropic,22,2.49,22.7,31.29,0.28,0.3,1007.571229,22,0.041
Madjoari,Madjoari,1.28,11.35,Afrotropic,27.23,2.16,28.8,21.72,0.26,0.46,178.5010799,104,0.368
Mago,Mago,36.25,5.54,Afrotropic,26.63,1.31,27.7,8.67,0.32,0.19,422.3219608,120,0.678
Mahale Mountains,Mahale Mountains,29.92,-6.22,Afrotropic,18.09,1.57,19.1,11.91,0.41,0.22,1589.701013,1237,1.669
Mahango,Mahango,22.46,-17.97,Afrotropic,21.85,2.58,22.5,33.07,0.26,0.32,1009.801436,33,0.007
Majete,Majete,34.62,-15.92,Afrotropic,23.23,2.13,24,27.28,0.32,0.38,351.9178531,573,0.605
Mana Pools,Mana Pools,29.46,-15.97,Afrotropic,23.41,2.33,24.1,29.84,0.29,0.29,471.514217,120,0.026
Manda,Manda,18.02,9.41,Afrotropic,25.71,1.72,26.9,22.06,0.31,0.48,392.6655123,88,0.263
Mandelia,Mandelia,15.21,11.54,Afrotropic,26.92,1.85,28.2,28.3,0.24,0.35,303.9509295,17,0.832
Manovo Gounda Saint Floris,Manovo Gounda Saint Floris,21.26,9.14,Afrotropic,25.87,2.08,27.1,20.72,0.32,0.42,432.8887055,54,0.105
Maputo,Maputo,32.33,-26.5,Afrotropic,21.95,1.25,22.6,25.53,0.32,0.27,50.90961705,63,0.502
Mare aux Hippopotames,Mare aux Hippopotames,-4.15,11.59,Afrotropic,26.66,2.13,27.9,21.96,0.27,0.38,303.7470612,104,0.81
Marromeu,Marromeu,35.93,-18.75,Afrotropic,23.8,1.05,24.9,21.94,0.41,0.18,3.514720036,25,0.81
Marsabit,Marsabit,37.96,2.27,Afrotropic,22.02,1.59,22.4,7,0.31,0.2,1163.127569,916,1.22
Masai Mara,Masai Mara,35.11,-1.47,Afrotropic,20.62,1.87,20.7,6.82,0.31,0.19,1547.838227,150,0.32
Massif du Ziama,Massif du Ziama,-9.34,8.28,Afrotropic,21.73,1.95,22.8,10.59,0.4,0.15,744.4683545,917,0.056
Matobo,Matobo,28.52,-20.55,Afrotropic,18.37,2.45,18.9,35.28,0.27,0.28,1315.283926,384,1.216
Matusadona,Matusadona,28.59,-16.96,Afrotropic,20.56,2.39,21.2,30.13,0.3,0.31,961.5050956,787,0.9
Mavinga,Mavinga,20.99,-15.55,Afrotropic,20.63,1.97,21.5,26.11,0.31,0.24,1133.693537,96,0.458
Mbam et Djerem,Mbam et Djerem,12.77,5.85,Afrotropic,22.12,2.05,23.3,12.36,0.41,0.13,761.2149984,196,0.181
Meru,Meru,38.2,0.1,Afrotropic,24.68,1.5,25,8.08,0.26,0.34,567.8877024,275,0.125
Mikumi,Mikumi,37.22,-7.44,Afrotropic,22.93,1.3,23.1,14.96,0.41,0.22,541.7456976,874,0.303
Mocamedes,Mocamedes,12.42,-15.64,Afrotropic,24.21,1.05,24.9,19.33,0.06,0.12,283.6197144,216,0.166
Mont Fouari,Mont Fouari,11.61,-2.8,Afrotropic,23.98,1.43,24.8,8.82,0.3,0.29,202.4201195,500,0.585
Mount Assirik,Mount Assirik,-13.03,13.01,Afrotropic,28.62,2.03,29.3,24.02,0.28,0.5,67.71845439,84,0.62
Mount Elgon,Mount Elgon,34.51,1.19,Afrotropic,10.88,2.15,10.5,10.57,0.29,0.07,3370.022926,2215,1.422
Mount Kenya,Mount Kenya,37.34,-0.12,Afrotropic,6.78,2.37,7.2,6.78,0.17,0.04,3860.298411,2076,0.907
Mount Nimba Strict,Mount Nimba Strict,-8.41,7.65,Afrotropic,21.84,1.93,22.9,9.39,0.38,0.14,720.5556825,1322,1.537
Mudumu,Mudumu,23.57,-18.08,Afrotropic,22.33,2.55,22.9,33.16,0.25,0.32,955.0169029,16,0
Mupa,Mupa,15.54,-15.96,Afrotropic,21.19,2.15,22.6,23.49,0.28,0.32,1183.371607,31,0.613
Murchison Falls,Murchison Falls,31.8,2.26,Afrotropic,24.3,1.91,24.3,10.26,0.39,0.28,823.9316407,248,0.733
Mushandike,Mushandike,30.64,-20.11,Afrotropic,18.87,2.34,19.7,33.21,0.27,0.26,1035.993368,507,1.101
Mwabvi,Mwabvi,35.02,-16.71,Afrotropic,23.76,2.03,24.5,26.51,0.31,0.38,193.3266997,335,0.567
Mweru Wantipa,Mweru Wantipa,29.42,-8.65,Afrotropic,20.66,1.67,21.6,15.62,0.34,0.32,1150.797717,390,0.503
Nairobi,Nairobi,36.86,-1.38,Afrotropic,19.27,2.23,19.4,10.49,0.23,0.2,1638.120881,276,1.797
Namaqua,Namaqua,17.57,-30.02,Afrotropic,18.13,1.39,18.6,32.36,0.13,0.13,260.3226402,566,0.652
Namib Naukluft,Namib Naukluft,15.33,-24.55,Afrotropic,20.56,1.84,21,32.29,0.09,0.01,489.5151251,569,0.055
Natal,Natal,28.93,-28.7,Afrotropic,11.94,2.4,12.6,42.47,0.27,0.33,1946.720693,2013,0.804
Ngorongoro,Ngorongoro,35.38,-3.05,Afrotropic,21.18,2.32,21.2,9.89,0.17,0.3,1524.732276,1185,0.637
Ngotto Forest,Ngotto Forest,17.24,3.88,Afrotropic,22.67,2.02,23.7,9.07,0.44,0.09,533.2716515,242,0.394
Niassa,Niassa,37.35,-12.01,Afrotropic,22.62,1.77,23.9,17.1,0.32,0.34,441.2833012,126,0.873
Nkasa Rupara,Nkasa Rupara,23.66,-18.39,Afrotropic,22.38,2.61,22.9,33.9,0.25,0.28,946.740339,14,0.651
Nkhotakota,Nkhotakota,34.03,-12.87,Afrotropic,20.55,1.89,21.5,20.21,0.36,0.19,862.5565095,651,1.235
Nouabale Ndoki,Nouabale Ndoki,16.6,2.5,Afrotropic,22.52,1.95,23.5,7.04,0.42,0.08,477.6765379,159,0
Nyanga Nord,Nyanga Nord,11.83,-2.96,Afrotropic,24.2,1.44,25,8.86,0.28,0.34,169.3874364,131,0.736
Nyika,Nyika,33.85,-10.57,Afrotropic,12.76,2.18,13.6,18.14,0.3,0.37,2258.709503,726,1.312
Nyungwe,Nyungwe,29.29,-2.53,Afrotropic,14.39,2.53,15.6,6.92,0.36,0.12,2364.313518,1179,0.401
Odzala Kokoua,Odzala Kokoua,14.92,0.98,Afrotropic,22.58,1.89,23.5,6.18,0.45,0.09,459.0920872,183,0.131
Okavango Delta,Okavango Delta,23.04,-19.23,Afrotropic,22.17,2.71,22.7,36.83,0.24,0.2,960.0045334,20,1.02
Omo,Omo,35.76,5.92,Afrotropic,24.68,1.12,25.7,7.73,0.3,0.25,609.8959502,959,0.67
Ouadi Rime Ouadi Achim,Ouadi Rime Ouadi Achim,19.25,15.52,Afrotropic,26.71,2.41,28.9,39.32,0.09,0.03,357.933092,23,0
Pama,Pama,0.77,11.44,Afrotropic,27.17,2.14,28.8,21.65,0.24,0.49,195.9790523,180,0.008
Parc National du Diawling,Parc National du Diawling,-16.41,16.34,Afrotropic,25.81,1.53,27.2,18.2,0.14,0.06,4.531734807,27,1.784
Parc W Niger,Parc W Niger,2.41,12.31,Afrotropic,27.18,2.19,28.8,25.17,0.26,0.46,247.4582035,73,0.074
Quiçãma,Qui__ma,13.62,-9.75,Afrotropic,23.91,2,24.4,16.19,0.29,0.27,182.998411,167,0.79
Reserve de faune de Gadabedji,Reserve de faune de Gadabedji,7.15,15.14,Afrotropic,25.32,2.86,27.9,40.54,0.13,0.34,449.324556,76,0.012
Rio Pongo,Rio Pongo,-14.15,10.13,Afrotropic,25.84,1.34,26.9,8.67,0.25,0.14,5.307928739,38,1.493
Ruaha,Ruaha,34.57,-7.65,Afrotropic,20.73,1.8,21.5,15.6,0.3,0.37,1220.33808,591,0.548
Rusizi,Rusizi,29.26,-3.26,Afrotropic,23.21,2.12,24.2,10.53,0.35,0.2,793.5936589,68,1.392
Ruvubu,Ruvubu,30.37,-3.13,Afrotropic,18.92,1.85,20,9.88,0.35,0.23,1506.248119,479,1.469
Rwenzori Mountains,Rwenzori Mountains,29.98,0.39,Afrotropic,8.64,2.32,9.8,2.84,0.27,0.12,3242.975809,3334,1.049
Sahel,Sahel,-0.58,14.5,Afrotropic,26.79,2.46,29.2,33.88,0.12,0.33,321.147473,147,0.451
Salonga,Salonga,20.94,-2.49,Afrotropic,22.53,1.55,23.4,3.42,0.47,0.06,449.3415361,150,0.01
Samburu,Samburu,37.54,0.61,Afrotropic,23.26,1.68,23.4,7.8,0.17,0.24,938.0903228,500,0.006
Selous,Selous,37.46,-8.84,Afrotropic,23.38,1.37,24.1,11.55,0.33,0.29,394.5705116,271,0.895
Serengeti,Serengeti,34.78,-2.33,Afrotropic,21.42,1.92,21.6,7.55,0.26,0.3,1440.627808,458,0.283
Shimba Hills,Shimba Hills,39.4,-4.26,Afrotropic,24.92,1.02,25.3,13.5,0.39,0.07,213.3636266,397,0.938
Simien Mountains,Simien Mountains,38.18,13.16,Afrotropic,7.4,3.08,10.4,14.8,0.19,0.43,3400.010096,1960,1.02
Singou,Singou,0.96,11.68,Afrotropic,27.17,2.16,28.8,22.21,0.23,0.55,216.1865694,105,0.001
Siniaka Minia,Siniaka Minia,18.2,10.44,Afrotropic,26.13,1.85,27.3,23.35,0.28,0.57,374.1648096,91,0
Skeleton Coast,Skeleton Coast,12.8,-19.27,Afrotropic,20.28,1.49,20.6,17.45,0.06,0.03,232.6023517,416,0.666
Tai Forest,Tai Forest,-7.12,5.72,Afrotropic,24.08,1.67,25,8.44,0.36,0.14,202.4352763,79,0.684
Tamou,Tamou,2.3,12.6,Afrotropic,27.06,2.23,28.8,26.2,0.24,0.35,260.815437,72,0.321
Tarangire,Tarangire,36.1,-4.15,Afrotropic,22.73,2.54,22.4,15.19,0.24,0.38,1148.947259,133,0.759
Tongwe,Tongwe,38.73,-5.3,Afrotropic,25.15,1.22,25.2,14.46,0.4,0.17,204.4414386,627,1.407
Tsavo,Tsavo,38.77,-2.78,Afrotropic,24.79,1.25,25.3,11.55,0.19,0.3,383.0098583,119,0
Tsoulou,Tsoulou,12.5,-3.58,Afrotropic,24.63,1.51,25.4,9.33,0.28,0.41,98.30845152,214,0.196
Volcans,Volcans,29.52,-1.48,Afrotropic,12.39,2.55,13.6,4.78,0.37,0.06,2683.876526,2699,1.755
Vwaza Marsh,Vwaza Marsh,33.45,-11.01,Afrotropic,19.29,2.11,20.1,22.07,0.3,0.37,1156.65711,478,0.651
W,W,2.16,11.9,Afrotropic,26.88,2.19,28.5,23.64,0.27,0.53,281.6629346,77,0.006
Waterberg Plateau,Waterberg Plateau,17.29,-20.4,Afrotropic,18.26,2.46,19,38.69,0.21,0.26,1610.444546,482,0.17
Waza,Waza,14.7,11.29,Afrotropic,26.79,1.77,28.1,28.13,0.2,0.46,305.4897047,14,0.061
West Lunga,West Lunga,24.78,-12.81,Afrotropic,20.38,1.54,21.3,21.46,0.38,0.18,1170.717083,134,0.585
Yangudi Rassa,Yangudi Rassa,40.77,10.96,Afrotropic,26.31,3.04,29,29.87,0.08,0.26,597.4106116,317,1.022
Zakouma,Zakouma,19.67,10.82,Afrotropic,25.66,1.89,26.8,22.66,0.25,0.51,426.5199492,40,0.002
Zemongo,Zemongo,25.16,6.6,Afrotropic,23.58,2.06,24.8,14.84,0.37,0.34,661.329142,119,0.693
Zinave,Zinave,33.56,-21.61,Afrotropic,23.26,2.22,24.2,28.53,0.3,0.24,143.0820175,19,0.187
Ailao Shan,Ailao Shan,101.33,24.21,Indomalayan,12.39,2.84,14,39.49,0.33,0.11,2265.814971,2239,0.849
Alaungdaw Kathapa,Alaungdaw Kathapa,94.44,22.29,Indomalayan,21.34,2.35,23.1,33.02,0.41,0.17,630.6726012,858,0.683
Anamalai,Anamalai,77.12,10.41666667,Indomalayan,20.68,2.1,21.5,13.35,0.37,0.06,1129.541752,2189,1.48
Bach Ma,Bach Ma,107.84,16.21,Indomalayan,23.12,2.18,24.2,26.07,0.4,0.23,412.0213838,1454,1.307
Baima Xueshan,Baima Xueshan,99.2,27.3,Indomalayan,9.76,3.71,11.1,52.44,0.31,0.22,2538.984715,1870,1.256
Bako,Bako,110.46,1.71,Indomalayan,24.72,2.34,26.7,4.74,0.3,0.11,43.31039976,303,1.559
Bandhavgarh,Bandhavgarh,81.02,23.72,Indomalayan,23.37,2.01,24.8,51.49,0.32,0.25,475.1862756,426,1.17
Bandipura,Bandipura,76.45,11.76,Indomalayan,22.44,2.23,23.1,13.22,0.36,0.21,874.1312428,464,0.236
Barail,Barail,92.81,24.99,Indomalayan,21.3,2.51,23.9,36.99,0.42,0.13,237.3188531,1151,1.042
Barito Ulu,Barito Ulu,114.1,0.2,Indomalayan,22.28,2.08,23.5,2.4,0.41,0.05,566.4189148,1141,0.216
Batang Ai,Batang Ai,111.95,1.22,Indomalayan,23.72,2.21,25.4,3.26,0.42,0.05,207.8285093,612,1.146
Belum Temengor,Belum Temengor,101.25,5.44,Indomalayan,23.72,2.18,25.1,6.38,0.49,0.04,331.3251163,756,1.344
Berbak,Berbak,104.28,-1.28,Indomalayan,24.26,2.79,26.3,3.55,0.4,0.11,27.91198916,36,0.708
Betung Kerihun,Betung Kerihun,113.08,1.14,Indomalayan,23.37,2.16,24.8,2.84,0.45,0.08,333.6442821,740,0.803
Bitahai,Bitahai,99.91,27.8,Indomalayan,4.03,3.92,5.5,54.02,0.24,0.19,3730.616509,1113,1.01
Bukit Barisan Selatan,Bukit Barisan Selatan,104.35,-5.45,Indomalayan,23.18,1.5,24.2,2.58,0.51,0.07,417.058898,951,1.029
Bukit Kutu,Bukit Kutu,101.72,3.54,Indomalayan,22.76,2.32,24.3,4.48,0.43,0.08,499.4612676,1630,1.023
Cat Ba,Cat Ba,107,20.79,Indomalayan,22.38,1.97,23.7,43.37,0.27,0.29,73.13556006,340,1.543
Cat Tien,Cat Tien,107.43,11.42,Indomalayan,25.33,1.9,26.5,9.08,0.44,0.05,150.9156537,300,1.474
Chandoli,Chandoli,73.85,17.12,Indomalayan,22.22,2.1,23.1,18.29,0.29,0.28,785.7147496,902,1.906
Chitwan,Chitwan,84.45,27.51,Indomalayan,21.08,1.13,22.6,52.5,0.36,0.17,324.7222544,559,0.773
Danum Valley,Danum Valley,117.73,5.02,Indomalayan,23.59,1.56,24.5,4.13,0.49,0.1,332.5725299,868,0.903
Daweishan,Daweishan,103.68,22.85,Indomalayan,18.82,2.27,20,40.38,0.38,0.21,942.8372612,2241,1.461
Dibru-Saikhowa,Dibru-Saikhowa,95.36,27.67,Indomalayan,22.27,2.45,24.7,41.87,0.25,0.1,120.0751114,38,1.784
Doi Inthanon,Doi Inthanon,98.49,18.61,Indomalayan,19.26,3.11,20.3,24.85,0.38,0.18,1358.146608,1983,1.427
Doi Suthep-Pui,Doi Suthep-Pui,98.91,18.81,Indomalayan,23.78,3.17,24.8,25.89,0.39,0.11,627.1532021,1394,1.164
Eravikulam,Eravikulam,77.04,10.14,Indomalayan,17.77,2.02,18.6,11.61,0.38,0.16,1641.680861,2227,1.082
Erawan,Erawan,99.14,14.37,Indomalayan,23.83,2.19,25,12.65,0.41,0.15,469.1948902,902,0.706
Gorumara,Gorumara,88.8,26.75,Indomalayan,20.89,1.85,23.8,42.14,0.34,0.18,113.7111115,77,1.773
Great Himalayan,Great Himalayan,77.56,31.73,Indomalayan,-1.59,3.09,1,69.01,0.14,0.68,3672.193428,3605,1.927
Gunung Leuser,Gunung Leuser,97.24,3.76,Indomalayan,11.54,1.81,12.5,3.12,0.33,0.11,2515.19589,2216,0.25
Gunung Palung,Gunung Palung,110.16,-1.24,Indomalayan,22.61,2.59,24.7,3.07,0.46,0.08,284.0379113,1123,0.838
Hainan Bawangling,Hainan Bawangling,109.08,19.12,Indomalayan,21.47,1.98,22.8,32.9,0.46,0.13,385.0633249,1486,1.332
Hoollongapar ,Hoollongapar_,94.38,26.72,Indomalayan,21.92,2.1,24.6,41.71,0.38,0.22,112.2882752,114,1.555
Huai Kha Khaeng,Huai Kha Khaeng,99.32,15.61,Indomalayan,24.44,2.3,25.7,16.51,0.46,0.15,410.4507379,1001,0.43
Indravati,Indravati,81.03,19.21,Indomalayan,23.9,2.03,25.1,33.5,0.39,0.19,589.3906014,566,0.298
Jiulianshan,Jiulianshan,114.27,24.33,Indomalayan,18.1,2.22,19.5,61.48,0.38,0.19,467.9453288,1063,1.231
Kaeng Krachan,Kaeng Krachan,99.39,12.84,Indomalayan,22.86,2.1,24,9.6,0.47,0.08,604.025279,989,0.011
Kanha,Kanha,80.61,22.32,Indomalayan,23.26,2.11,24.7,46.04,0.34,0.2,622.0312514,420,0.581
Kaziranga,Kaziranga,93.17,26.58,Indomalayan,21.16,1.93,24,43.11,0.31,0.13,142.5120824,735,1.796
Keoladeo,Keoladeo,77.52,27.16,Indomalayan,24.1,1.94,26,63.81,0.25,0.38,177.1086968,80,0.996
Kerinci Seblat,Kerinci Seblat,101.27,-1.74,Indomalayan,14.88,1.7,16.1,2.88,0.38,0.07,1805.33229,2579,1.442
Khangchendzonga,Khangchendzonga,88.32,27.64,Indomalayan,0.8,2.29,3.8,55.1,0.09,0.36,4025.824872,5459,1.834
Khao Ang Rue Nai,Khao Ang Rue Nai,101.44,13.12,Indomalayan,25.9,2.34,27.3,9.55,0.46,0.08,92.73256053,377,0.994
Khao Chamao-Khao Wong,Khao Chamao-Khao Wong,101.73,12.92,Indomalayan,25.62,2.32,27,8.83,0.45,0.06,126.90044,1011,1.03
Khao Luang,Khao Luang,99.73,8.37,Indomalayan,23.35,1.9,24.5,7.06,0.5,0.09,465.2116599,1524,1.092
Khao Pra-Bang Khram,Khao Pra-Bang Khram,99.25,7.92,Indomalayan,25.42,1.83,26.5,6.64,0.53,0.03,127.9546787,583,0.988
Khao Pu-Khao Ya,Khao Pu-Khao Ya,99.87,7.68,Indomalayan,25.3,1.95,26.5,6.66,0.51,0.13,147.3475221,727,1.133
Khao Soi Dao,Khao Soi Dao,102.19,13.1,Indomalayan,23.51,2.31,25,9.25,0.46,0.06,436.4821289,1433,1.149
Khao Sok,Khao Sok,98.53,8.92,Indomalayan,24.42,1.81,25.5,6.42,0.47,0.08,325.0880857,936,0.97
Khao Yai,Khao Yai,101.37,14.44,Indomalayan,22.22,2.42,23.6,12.91,0.45,0.07,764.1350968,984,0.248
Khlong Saeng,Khlong Saeng,98.58,9.16,Indomalayan,24.62,1.81,25.7,6.52,0.43,0.08,277.316842,772,1.143
Krau,Krau,102.08,3.56,Indomalayan,24.87,2.31,26.5,5.09,0.5,0.07,100.6302171,388,1.035
Kudremukh,Kudremukh,75.16,13.19,Indomalayan,23.8,1.8,24.5,12.45,0.36,0.21,529.3504021,1598,1.44
Kui Buri,Kui Buri,99.62,12.05,Indomalayan,24.03,2.07,25.2,8.65,0.47,0.06,399.8114897,894,0.797
Lampi Island,Lampi Island,98.17,10.94,Indomalayan,26.27,1.85,27.3,6.08,0.33,0.19,91.27111011,345,0.948
Laokhowa-Burhachapori,Laokhowa-Burhachapori,92.68,26.49,Indomalayan,21.57,1.91,24.4,42.98,0.28,0.2,66.70432914,36,1.755
Mae Sa-Kog,Mae Sa-Kog,98.91,18.87,Indomalayan,23.48,3.17,24.5,26.02,0.4,0.11,662.8745115,1386,1.259
Mae Tuen,Mae Tuen,98.64,17.36,Indomalayan,22.85,2.62,23.9,19.89,0.38,0.16,683.9672728,1163,0.543
Mae Wong,Mae Wong,99.23,16.04,Indomalayan,23.38,2.33,24.6,17.03,0.47,0.1,563.028691,1187,0.215
Manas,Manas,91.02,26.75,Indomalayan,21.12,1.8,23.8,42.54,0.4,0.19,154.7488531,1104,1.496
Matang,Matang,100.63,4.85,Indomalayan,26,2.2,27.4,4.44,0.46,0.03,11.60808979,213,2.084
Minneriya,Minneriya,80.82,8.03,Indomalayan,26.12,1.48,26.9,11.81,0.42,0.04,152.8466843,298,1.313
Mt Tumpa,Mt Tumpa,124.84,1.56,Indomalayan,26.17,1.25,27,2.12,0.45,0.04,76.42755499,640,1.904
Nagarhole,Nagarhole,76.12,12.03,Indomalayan,22.53,2.14,23.2,12.62,0.39,0.17,835.5260349,339,0.402
Nam Et-Phou Louey,Nam Et-Phou Louey,103.62,20.37,Indomalayan,17.63,2.42,19.1,32.92,0.47,0.09,1135.640789,1106,0.086
Nam Ha,Nam Ha,101.25,20.81,Indomalayan,20.14,2.73,21.4,28.93,0.47,0.08,925.828813,938,0.364
Nam Kading,Nam Kading,104.24,18.44,Indomalayan,21.27,2.17,22.7,28.4,0.45,0.11,562.1075652,1214,0.961
Nam Khan,Nam Khan,100.78,20.62,Indomalayan,20.88,2.8,22.1,27.98,0.45,0.14,863.1592311,825,0.672
Nam Nao,Nam Nao,101.57,16.74,Indomalayan,21.61,2.56,22.9,21.35,0.44,0.08,842.9505522,694,0.323
Namdapha,Namdapha,96.53,27.43,Indomalayan,16.4,3.02,18.3,45.31,0.37,0.11,1098.040426,1665,0.496
Nameri,Nameri,92.88,26.93,Indomalayan,20.98,1.82,23.8,45.33,0.38,0.14,128.8052454,453,1.543
Nanda Devi,Nanda Devi,79.97,30.42,Indomalayan,-7.98,3.09,-5.2,74.15,-0.02,-1.02,5197.605521,4025,1.084
Ngoc Son Ngo Luong,Ngoc Son Ngo Luong,105.26,20.48,Indomalayan,20.6,2.1,22,42.68,0.41,0.24,455.756836,1108,0.776
Nilgiri,Nilgiri,76.76,11.57,Indomalayan,22.58,2.32,23.3,14.27,0.31,0.19,920.486127,1743,0.995
Omkoi,Omkoi,98.51,17.48,Indomalayan,21.12,2.68,22.2,20,0.39,0.11,1021.945507,1499,0.797
Orang,Orang,92.33,26.55,Indomalayan,21.6,1.89,24.4,43.05,0.2,0.18,63.13524957,47,1.818
Palamau,Palamau,84.14,23.41,Indomalayan,21.32,1.89,23,46.72,0.3,0.27,733.3981369,496,1.401
Pang Sida,Pang Sida,102.2,13.98,Indomalayan,25.24,2.35,26.7,12.7,0.42,0.06,164.069081,544,1.194
Pasoh,Pasoh,102.31,3.04,Indomalayan,24.41,2.37,26.1,4.49,0.5,0.05,168.0009545,725,1.295
Pench,Pench,79.34,21.76,Indomalayan,24.48,2.23,25.8,44.81,0.32,0.31,483.2101436,227,0.773
Periyar,Periyar,77.22,9.47,Indomalayan,20.52,1.84,21.4,11.3,0.38,0.13,1101.337085,1316,0.605
Phou Hin Poun,Phou Hin Poun,104.8,17.71,Indomalayan,22.31,2.17,23.7,26.6,0.38,0.11,412.1082433,780,1.062
Phou Khao Khouay,Phou Khao Khouay,103.03,18.38,Indomalayan,23.23,2.46,24.5,23.85,0.46,0.08,408.575215,601,1.405
Phou Xang He,Phou Xang He,105.74,16.78,Indomalayan,23.23,2.19,24.5,23.61,0.43,0.12,283.9236444,438,0.406
Phu Hin Rong Kla,Phu Hin Rong Kla,100.99,17,Indomalayan,21.82,2.67,23,20.76,0.44,0.1,819.5312822,1468,1.079
Phu Khiao,Phu Khiao,101.6166667,16.33333333,Indomalayan,21.33,2.5,22.7,19.88,0.45,0.06,886.8604794,725,0.173
Phu Luang,Phu Luang,101.49,17.21,Indomalayan,20.76,2.71,22,22.02,0.43,0.12,981.8691132,1209,0.785
Phu Phan,Phu Phan,103.85,16.93,Indomalayan,23.93,2.41,25.3,22.24,0.42,0.13,348.7799253,388,0.805
Rajaji,Rajaji,78.29,29.99,Indomalayan,19.09,1.89,21.7,61.23,0.33,0.25,551.7647862,1111,1.157
Sagarmatha,Sagarmatha,86.66,27.98,Indomalayan,-5.38,2.87,-2.6,62.24,0.03,1.06,5172.346269,3060,1.335
Sai Yok,Sai Yok,98.85,14.44,Indomalayan,24.7,2.1,25.8,11.27,0.45,0.14,267.0627514,740,1.229
Sakaerat,Sakaerat,101.93,14.51,Indomalayan,24.06,2.41,25.5,14.2,0.44,0.12,399.0191616,545,0.987
Salawin,Salawin,97.74,18.2,Indomalayan,24.06,2.69,25.1,22.79,0.39,0.17,484.1137276,981,0.101
Sanjay Gandhi,Sanjay Gandhi,72.91,19.22,Indomalayan,26.08,1.71,27,16.04,0.23,0.23,59.01367632,501,1.847
Siberut,Siberut,98.88,-1.35,Indomalayan,25.32,1.44,26.2,3.77,0.45,0.08,113.6539536,305,0.066
Simlipal,Simlipal,86.2,21.5,Indomalayan,23.48,1.82,25.1,34.71,0.35,0.19,347.2755457,578,1.388
Sinharaja,Sinharaja,80.5,6.39,Indomalayan,23.38,1.38,24.1,5.35,0.44,0.09,535.3865879,1291,0.899
Sundarbans,Sundarbans,88.92,21.84,Indomalayan,24.15,1.41,26.1,32.69,0.25,0.13,4.308417165,21,1.091
Sungai Lalang,Sungai Lalang,101.91,3.07,Indomalayan,23.3,2.34,24.9,4.15,0.44,0.05,364.3163607,1038,1.129
Tabin,Tabin,118.75,5.26,Indomalayan,25.11,1.5,26,4.08,0.52,0.11,111.9514305,558,0.386
Tadoba Andhari,Tadoba Andhari,79.36,20.25,Indomalayan,26.4,2.28,27.7,42.16,0.3,0.34,246.4332376,171,0.983
Tam Dao,Tam Dao,105.56,21.52,Indomalayan,20.93,2.09,22.2,44.22,0.35,0.25,359.2620853,1568,1.527
Taman Negara,Taman Negara,102.4,4.61,Indomalayan,23.21,2.26,24.8,8.14,0.45,0.07,345.0154666,985,0.809
Tamanthi,Tamanthi,95.33,25.21,Indomalayan,21.78,2.22,24.1,37.28,0.41,0.11,229.5095112,268,0.283
Tangkoko,Tangkoko,125.16,1.55,Indomalayan,24.89,1.24,25.8,1.96,0.49,0.05,315.7037144,1342,1.64
Tanjung Puting,Tanjung Puting,111.92,-3.07,Indomalayan,25.08,2.52,27.1,2.61,0.46,0.05,21.64825402,40,0.807
Tansa,Tansa,73.25,19.62,Indomalayan,25.81,1.76,26.7,19.86,0.26,0.39,126.3794999,408,1.635
Taranga Hill,Taranga Hill,72.75,23.97,Indomalayan,25.38,1.74,26.2,44.37,0.27,0.17,214.7904069,334,1.093
Tasek Bera,Tasek Bera,102.61,3.13,Indomalayan,24.88,2.4,26.6,4.92,0.48,0.04,59.02427852,238,1.206
Thap Lan,Thap Lan,101.95,14.22,Indomalayan,24.16,2.38,25.6,13.11,0.45,0.07,353.5896249,951,0.812
Thung Yai Naresuan,Thung Yai Naresuan,98.92,15.33,Indomalayan,21.82,2.21,23,13.37,0.45,0.1,808.7887331,1017,0.098
Ton Nga Chang,Ton Nga Chang,100.23,6.95,Indomalayan,24.51,2.05,25.8,6.1,0.49,0.11,303.1418362,893,1.207
Ulu Muda,Ulu Muda,100.96,6.01,Indomalayan,23.41,2.14,24.8,6.05,0.51,0.06,384.9516889,853,0.742
Ulu Temburong,Ulu Temburong,115.21,4.43,Indomalayan,23.26,1.71,24.2,4.17,0.48,0.06,488.6637507,959,0.281
Umphang,Umphang,98.76,15.92,Indomalayan,22.02,2.21,23.2,14.5,0.42,0.15,771.8248544,888,0.127
Way Kambas,Way Kambas,105.78,-4.94,Indomalayan,25,1.95,26.5,2.36,0.43,0.08,25.30890232,51,1.281
Wilpattu ,Wilpattu_,80,8.43,Indomalayan,26.65,1.55,27.5,10.02,0.43,0.02,64.82609657,120,0.432
Xe Pian,Xe Pian,106.06,14.52,Indomalayan,24.27,2.37,25.6,11.73,0.46,0.07,295.2855569,630,0.691
Xishuangbanna,Xishuangbanna,101.3,21.88,Indomalayan,20.42,2.51,21.8,33.2,0.47,0.11,798.7379974,1027,1.003
Aguas Emendadas,Aguas Emendadas,-47.36,-15.32,Neotropic,23.07,3.07,24,11.45,0.35,0.25,639.8536236,552,0.844
Alto Rio Negro,Alto Rio Negro,-68.15,1.39,Neotropic,23.77,2.26,24.2,3.64,0.45,0.06,137.069517,656,0.574
Amadeu Botelho,Amadeu Botelho,-48.31,-22.18,Neotropic,21.51,2.48,22.1,21.42,0.4,0.18,568.8338123,309,1.509
Amazonia,Amazonia,-56.79,-4.46,Neotropic,24.65,3.26,25.6,5.89,0.49,0.11,118.355349,122,0.019
Anavilhanas,Anavilhanas,-60.82,-2.47,Neotropic,24.98,3.42,26.1,4.13,0.4,0.07,37.78334685,61,0.909
Atasta,Atasta,-92.08,18.38,Neotropic,25.45,1.71,26.5,19.67,0.46,0.06,1.968382418,30,1.085
Bahuaja-Sonene,Bahuaja-Sonene,-69.45,-13.52,Neotropic,22.5,2.14,23.2,10.04,0.48,0.08,608.4768012,1351,0.064
Balbina Reservoir,Balbina Reservoir,-59.29,-1.55,Neotropic,24.28,3.51,25.5,4.58,0.49,0.09,99.88858625,214,0.14
Balta,Balta,-71.13,-10.08,Neotropic,23.56,1.77,24.4,6.49,0.51,0.07,297.8028752,115,0.189
Banados del Este,Banados del Este,-54,-33.3,Neotropic,16.76,1.03,17.6,42.18,0.38,0.13,15.88276594,41,1.068
Barro Colorado,Barro Colorado,-79.51,9.09,Neotropic,25.58,1.58,26.2,2.52,0.37,0.05,118.2694631,454,1.882
Beni,Beni,-66.29,-14.67,Neotropic,24.87,1.55,25.6,13.1,0.53,0.07,183.758009,39,0.43
Bladen,Bladen,-88.73,16.3,Neotropic,25.63,2.98,25.8,14.48,0.47,0.04,21.81398979,122,1.528
Bosque Mbaracayu,Bosque Mbaracayu,-55.45,-24.13,Neotropic,22.88,1.87,22.7,31.07,0.51,0.12,210.9354124,146,0.208
Bosques Petrificados,Bosques Petrificados,-68,-47.45,Neotropic,9.28,2.15,10.3,51.4,0.09,0.06,290.8645949,325,0.82
Brasilia National 1,Brasilia National 1,-48.04,-15.45,Neotropic,22.12,3.1,23,10.61,0.36,0.22,852.5086616,509,0.757
Buenaventura,Buenaventura,-79.45,-3.38,Neotropic,16.98,2.33,17.7,2.28,0.27,0.24,1733.799601,2664,1.248
Canaima,Canaima,-62.01,5.37,Neotropic,17.94,2.64,18.4,4.62,0.38,0.05,1617.513991,1834,0.457
Cantao,Cantao,-50.03,-9.36,Neotropic,25.09,2.79,26.4,9.95,0.34,0.08,170.0241806,88,1.482
Caraca,Caraca,-43.29,-20.51,Neotropic,20.59,2.1,21.5,19.31,0.4,0.13,739.6061444,488,1.083
Carajas Forest,Carajas Forest,-49.99,-5.93,Neotropic,23.98,2.91,25.3,5.46,0.44,0.11,253.9115098,505,1.564
Cayambe Coca,Cayambe Coca,-77.84,-0.11,Neotropic,11.48,3.33,12,3.64,0.24,0.19,2861.061764,3109,0.604
Celaque,Celaque,-88.67,14.52,Neotropic,16.57,2.28,16.9,10.81,0.38,0.1,1766.019408,1986,1.288
Cerro Cora,Cerro Cora,-56.02,-22.66,Neotropic,22.85,1.85,22.8,27.62,0.45,0.14,340.8250168,433,1.925
Chandless,Chandless,-70.36,-10.02,Neotropic,23.74,1.88,24.6,6.71,0.52,0.07,264.101089,124,0.111
Chekubul,Chekubul,-91.05,18.45,Neotropic,25.75,2.26,26.2,19.91,0.51,0.13,43.12094692,86,1.135
Chenkan,Chenkan,-90.45,19.1,Neotropic,25.52,1.93,26.1,19.1,0.5,0.15,76.7045524,132,0.631
Chiquibul,Chiquibul,-88.59,16.44,Neotropic,25.67,2.98,25.9,13.98,0.45,0.06,24.68402752,130,1.852
Cocha Cashu,Cocha Cashu,-71.22,-11.22,Neotropic,23.29,1.73,24.2,7.13,0.49,0.08,414.9229819,114,0.277
Cockscomb,Cockscomb,-88.61,16.78,Neotropic,23.72,2.85,24,13.69,0.53,0.03,339.6371532,976,0.71
Columbia River Forest,Columbia River Forest,-89.06,16.35,Neotropic,22.96,3.04,23.2,14.77,0.54,0.03,487.732242,960,0.849
Corcovado,Corcovado,-83.59,8.62,Neotropic,25.39,1.46,25.9,6.76,0.43,0.14,182.1541787,644,0.751
Cordillera Central,Cordillera Central,-83.97,10.02,Neotropic,16.71,1.92,17.1,3.76,0.37,0.09,1596.671735,2366,1.453
Cuzco Amazonico,Cuzco Amazonico,-69.03,-12.33,Neotropic,24.14,1.67,24.9,9.13,0.52,0.06,252.4403406,81,0.119
Darien,Darien,-77.55,7.77,Neotropic,23.87,2,24.1,2.79,0.5,0.03,337.1354421,1121,0.671
Defensores del Chaco,Defensores del Chaco,-60.31,-20.31,Neotropic,24.14,2.26,24.5,28.87,0.4,0.3,341.8002651,466,0.173
East Centla,East Centla,-92.26,18.31,Neotropic,25.44,1.71,26.5,19.62,0.47,0.08,1.447969231,28,0.91
El Palmar,El Palmar,-58.25,-31.86,Neotropic,18.21,1.72,18.5,47.72,0.35,0.1,31.28340644,73,1.885
El Rey,El Rey,-64.63,-24.7,Neotropic,15.72,1.73,16.7,41.15,0.44,0.24,1169.845932,1353,0.649
Estacao Ecologica do Panga,Estacao Ecologica do Panga,-48.23,-19.1,Neotropic,21.24,2.83,21.9,15.2,0.34,0.29,878.1544248,196,0.925
Estancia Guaycolec,Estancia Guaycolec,-58.13,-25.54,Neotropic,22.3,2,22.6,38.66,0.35,0.09,69.24937365,23,0.886
Estancia Sombrero,Estancia Sombrero,-56.36,-25.04,Neotropic,22.61,1.87,22.6,34.32,0.45,0.12,146.6739778,127,1.404
Fazenda Cauaia,Fazenda Cauaia,-44.01,-19.48,Neotropic,21.31,2.51,22.1,18.23,0.37,0.25,721.8770679,273,1.207
Furna Feia,Furna Feia,-37.52,-5.05,Neotropic,27.02,1.84,28,4.99,0.31,0.34,103.5379887,227,0.223
Huascaran,Huascaran,-77.45,-9.25,Neotropic,3.12,3.02,4.4,3.41,0.11,0.08,4550.88103,2861,0.971
Iguazu,Iguazu,-53.82,-25.48,Neotropic,21.94,2.1,21.5,32.16,0.51,0.13,305.0815239,280,0.392
Itabo,Itabo,-54.69,-25.06,Neotropic,22.22,2.01,21.9,32.33,0.39,0.23,263.6202668,132,1.361
Iwokrama,Iwokrama,-59,4.5,Neotropic,24.78,2.22,25.6,4.68,0.43,0.08,107.9716606,327,0.097
Jaguas,Jaguas,-74.82,6.24,Neotropic,23.13,2.33,23.4,4.49,0.49,0.04,740.8881239,1062,1.042
Karen Mogensen,Karen Mogensen,-85.06,9.87,Neotropic,25.22,1.66,25.7,6.53,0.5,0.15,270.122271,732,1.611
Kartabo,Kartabo,-58.41,6.23,Neotropic,24.61,1.71,24.9,4.63,0.45,0.06,72.17983977,83,0.002
La Amistad,La Amistad,-82.96,9.27,Neotropic,14.93,1.8,15.4,3.94,0.37,0.1,1931.494087,2872,0.091
La Selva,La Selva,-84.01,10.43,Neotropic,25.45,1.92,25.8,3.98,0.52,0.04,97.36232401,342,1.344
La Sepultura,La Sepultura,-93.62,16.13,Neotropic,20.72,2.12,21.4,11.54,0.46,0.14,1006.822463,2347,0.956
Lago Puelo,Lago Puelo,-71.61,-42.096,Neotropic,8.18,2.71,9.3,38.67,0.29,0.22,589.8677618,1649,1.755
Laguna Blanca,Laguna Blanca,-70.32,-39.02,Neotropic,7.58,1.88,8.1,53.47,0.08,0.1,1328.431315,578,0.953
Laguna de los Pozuelos,Laguna de los Pozuelos,-66.05,-22.33,Neotropic,5.23,2.35,6.2,33.04,0.08,0.17,3744.927236,730,1.305
Laguna del Tigre,Laguna del Tigre,-90.67,17.52,Neotropic,25.27,2.59,25.6,17.94,0.45,0.11,66.34168141,52,1.146
Lanin,Lanin,-71.35,-40.19,Neotropic,5.95,2.16,6.6,44.23,0.23,0.44,1210.704038,1736,1.681
Lauca,Lauca,-69.31,-18.23,Neotropic,2.24,3.13,2.7,19.67,0.07,0.09,4540.198685,1009,0.749
Los Alerces,Los Alerces,-71.64,-42.99,Neotropic,5.18,2.24,6.3,37.5,0.23,0.37,1011.519087,1762,1.809
Los Amigos,Los Amigos,-70.38,-12.32,Neotropic,24.13,2.15,24.8,9.76,0.51,0.08,319.7305977,119,0.154
Los Glaciares,Los Glaciares,-73.23,-50.33,Neotropic,0.64,3.17,1.9,32.8,0.05,1.05,854.7826533,1815,1.516
Lower Arataye,Lower Arataye,-52.4,4.05,Neotropic,24.62,1.78,25.4,6.49,0.42,0.14,87.85355613,209,0.227
Madidi,Madidi,-68.34,-14.33,Neotropic,16.92,1.82,17.9,12.33,0.46,0.07,1627.05546,1646,0.004
Mamirauá,Mamirau_,-65.7,-2.21,Neotropic,24.71,2.8,25.5,3.82,0.49,0.11,48.94830575,35,0.659
Manu,Manu,-71.72,-11.81,Neotropic,23.82,2.1,24.6,7.19,0.51,0.05,406.6991073,183,0.091
Maraca,Maraca,-61.41,-3.24,Neotropic,24.85,3.2,25.9,3.67,0.47,0.11,44.00448756,51,0.095
Mata Atlantica,Mata Atlantica,-48.46,-18.12,Neotropic,22.72,2.84,23.4,14.03,0.34,0.22,701.2335739,346,0.509
Matao de Cosmopolis,Matao de Cosmopolis,-47.08,-22.36,Neotropic,21,2.38,21.7,21.37,0.39,0.17,633.9887283,164,1.727
Maya,Maya,-89.86,17.45,Neotropic,23.45,2.49,23.8,16.33,0.53,0.04,342.951154,133,0.475
Mburucuya,Mburucuya,-58.08,-28.04,Neotropic,20.56,1.98,21,42.86,0.32,0.12,69.06828656,28,1.232
MCSE Reserves,MCSE Reserves,-60,-2.3,Neotropic,24.72,3.49,25.9,4.98,0.49,0.08,108.4492164,100,0.298
Mestre Alvaro,Mestre Alvaro,-40.18,-20.1,Neotropic,24.33,1.5,24.8,16.11,0.32,0.07,19.94415588,69,1.853
Montes Azules,Montes Azules,-91.49,16.83,Neotropic,20.5,3.09,20.8,16.2,0.49,0.05,980.0223436,1058,0.94
Morombi,Morombi,-55.35,-24.3,Neotropic,22.73,1.88,22.5,31.27,0.49,0.13,220.9424621,150,1.266
Nacunan,Nacunan,-67.91,-34.05,Neotropic,15.83,1.8,16.3,56.13,0.16,0.13,561.7256215,82,0.01
Nahuel Huapi,Nahuel Huapi,-71.23,-40.93,Neotropic,4.87,1.97,5.4,43.36,0.15,0.5,1364.117709,1169,1.793
Noel Kempff Mercado,Noel Kempff Mercado,-60.85,-14.44,Neotropic,22.9,2.45,23.4,11.32,0.48,0.07,384.3947656,630,0.587
Noroeste,Noroeste,-80.5,-4.02,Neotropic,22,1.92,22.4,8.06,0.33,0.44,451.4279932,923,0.493
North Palizada,North Palizada,-91.45,18.19,Neotropic,25.39,1.55,26.4,20.2,0.45,0.14,13.25319686,43,1.41
Otamendi,Otamendi,-58.896,-34.23,Neotropic,16.3,1.35,17,49.55,0.34,0.18,9.092518392,48,1.471
Otishi,Otishi,-73.61,-11.84,Neotropic,12.75,2.39,13.7,7.08,0.29,0.18,2351.601615,2525,0.218
Palo Verde,Palo Verde,-85.33,10.38,Neotropic,26.32,1.58,26.8,6.45,0.45,0.2,29.38283591,214,1.029
Pantanal,Pantanal,-55.36,-19.3,Neotropic,25.59,2.2,25.9,17,0.39,0.12,143.2641276,36,0.793
Paracou,Paracou,-52.96,5.28,Neotropic,25.56,1.89,26.1,5.18,0.41,0.12,37.18358644,96,0.665
Payamino,Payamino,-77.17,-0.28,Neotropic,24.56,2.54,24.8,5.5,0.51,0.11,308.3916516,174,0.454
Perito Moreno,Perito Moreno,-71.97,-47.86,Neotropic,1.92,2.38,2.9,39.8,0.09,0.68,1052.982117,999,1.387
Planada,Planada,-77.98,1.16,Neotropic,16.65,2.83,17.2,2.34,0.41,0.09,1744.193198,1731,0.703
Punta Sal,Punta Sal,-87.63,15.87,Neotropic,26.05,2.97,26.3,14,0.4,0.05,18.84317243,230,1.718
Quedas do Rio Bonito,Quedas do Rio Bonito,-44.59,-21.19,Neotropic,19.32,2.36,20.2,19.47,0.36,0.19,948.0559148,276,1.134
Rara Avis,Rara Avis,-84.03,10.35,Neotropic,24.11,1.91,24.4,3.99,0.5,0.05,299.3633232,1044,1.436
Raspaculo,Raspaculo,-88.85,16.83,Neotropic,22.3,2.83,22.6,14.18,0.53,0.05,565.101376,388,0.134
Rio Cunucunuma,Rio Cunucunuma,-65.46,3.39,Neotropic,23.08,2.34,23.4,4,0.5,0.05,493.7207557,1903,0.952
Rio Negro,Rio Negro,-58.51,-19.8,Neotropic,25.59,2.1,25.8,24.94,0.44,0.22,90.08942013,18,0.658
Rio Pilcomayo,Rio Pilcomayo,-58.14,-25.07,Neotropic,22.6,1.92,22.9,37.85,0.38,0.1,77.78562294,20,0.739
Sabancuy,Sabancuy,-91.02,19,Neotropic,25.65,1.69,26.6,19.23,0.37,0.07,1.033609161,44,1.404
San Carlos,San Carlos,-74.52,6.14,Neotropic,26.72,2.2,26.9,5.21,0.48,0.05,138.9088545,84,1.42
Santa Lucia,Santa Lucia,-40.54,-19.96,Neotropic,20.62,1.7,21.1,16.98,0.45,0.08,670.58302,996,1.53
Sarstoon-Temash,Sarstoon-Temash,-89,15.93,Neotropic,25.42,2.87,25.6,15.27,0.48,0.04,32.21767968,345,1.21
Serra da Bocaina,Serra da Bocaina,-44.39,-22.8,Neotropic,16.82,1.64,17.6,20.35,0.46,0.07,1161.360962,1791,1.165
Serra do Amolar,Serra do Amolar,-57.28,-18.05,Neotropic,25.8,2.09,26,18.57,0.37,0.13,95.57085332,30,0.557
Serra do Cipo,Serra do Cipo,-43.59,-19.37,Neotropic,19.12,2.46,19.9,18.25,0.28,0.12,1073.907504,899,1.53
Serra do Facao,Serra do Facao,-47.72,-17.87,Neotropic,21.9,2.93,22.6,14.29,0.31,0.21,807.9980622,270,1.078
Serra do Tocantins,Serra do Tocantins,-46.71,-10.95,Neotropic,23.63,2.9,25,10.45,0.24,0.15,580.3825459,252,0.005
Serrania San Luis,Serrania San Luis,-57.47,-22.57,Neotropic,23.47,1.81,23.6,30.08,0.44,0.18,236.0511187,212,0.565
Shipstern,Shipstern,-88.18,18.32,Neotropic,25.07,1.13,26.2,13.18,0.25,0.04,5.929456523,30,1.631
Sierra de Agalta,Sierra de Agalta,-85.89,14.95,Neotropic,18.24,2.37,18.6,11.07,0.45,0.05,1299.278227,1944,1.259
Sierra del Divisor,Sierra del Divisor,-74.09,-7.37,Neotropic,24.23,2.08,24.9,4.39,0.5,0.07,259.7091632,112,0.051
Silvestre Tahuamanu,Silvestre Tahuamanu,-69.26,-11.39,Neotropic,23.82,1.76,24.6,8.45,0.53,0.05,291.6379883,112,0.316
South Palizada,South Palizada,-91.51,18.03,Neotropic,25.97,2.52,26.3,20.1,0.42,0.11,13.05484191,56,1.338
Teniente Enciso,Teniente Enciso,-61.08,-21.05,Neotropic,24.55,2.43,24.9,31.41,0.34,0.21,200.7742309,30,0.808
Tierra del Fuego,Tierra del Fuego,-68.52,-54.84,Neotropic,2.48,2.73,3.9,28.76,0.17,0.63,392.2483045,1286,1.352
Tijuca,Tijuca,-43.15,-22.28,Neotropic,19.84,1.63,20.6,20.97,0.41,0.17,702.1557988,1538,1.383
Tinfunque,Tinfunque,-60.19,-23.92,Neotropic,23.32,2.21,23.7,38.72,0.35,0.13,135.583003,19,0.892
Tiputini,Tiputini,-76.1,-0.37,Neotropic,23.79,2.02,23.9,4.71,0.45,0.12,247.7562527,128,0.407
Torres del Paine,Torres del Paine,-73.41,-50.95,Neotropic,-1.37,2.74,-0.2,31.55,-0.05,-0.22,1206.849612,1904,0.425
Ulla Ulla,Ulla Ulla,-69.19,-14.91,Neotropic,1.29,3.34,2.5,14.62,0.1,0.17,4820.913482,1349,0.899
West Centla,West Centla,-92.37,18.24,Neotropic,25.43,1.73,26.5,19.64,0.35,0.1,0.824333514,30,1.032
Xixuau,Xixuau,-61.33,-0.48,Neotropic,24.49,3.49,25.7,4.11,0.47,0.07,45.81240427,50,0.554